total_buildings,buildings_w_height_measurement,percent_buildings_with_height,min_height,quantile_0.05,mean_height,quantile_0.95,quantile_0.99,max_height,city,number_localities
249104,218925,0.8788497976748667,2.5000433921813965,2.904160690307618,4.778867288632822,7.492936706542968,10.260687828063965,35.29393768310547,"Akron, OH",1469
193830,157245,0.8112521281535366,2.5000417232513428,2.809606838226318,4.597528572175616,7.252353668212889,10.627929687499996,29.310951232910156,"Albany--Schenectady, NY",1720
30310,30242,0.9977565160013196,4.1526513086864725e-5,1.68479585647583,3.905532404696393,6.926514720916746,10.038244915008544,27.721609115600582,"Albany, GA",135
25067,24696,0.9851996648980732,1.353912812191993e-4,1.448745608329773,3.749335829109583,5.662659525871277,6.466337060928343,17.526947021484375,"Albany, OR",190
300979,230661,0.7663690822283282,2.5000200271606445,2.771610975265503,4.189507624436315,5.96287202835083,8.36949977874755,58.02487564086914,"Albuquerque, NM",2631
10086,9120,0.9042236763831052,2.5012006759643555,3.0251633763313293,4.8288637169620445,6.9318369865417475,8.586166954040525,26.631576538085938,"Alexandria, MN",146
198672,157553,0.7930307240074091,3,3.189920949935913,4.710068106146634,6.745755672454834,9.326306800842286,28.329151153564453,"Allentown--Bethlehem, PA--NJ",1137
41752,41560,0.9954014178961488,3.4861426684074104e-4,1.868117541074753,4.0534558862889005,6.717929601669306,9.480992879867536,24.775070190429688,"Alton, IL",131
89816,88915,0.9899683797986996,2.106815518345684e-4,1,3.7261112428640297,5.611222982406617,7.005504436492921,30.79305076599121,"Amarillo, TX",199
14129,13389,0.9476254511996602,1.6770082584116608e-4,2.3634544849395756,4.804491981796576,7.473560428619383,9.706381988525386,27.76028823852539,"Ames, IA",211
26051,19708,0.7565160646424322,2.5001220703125,2.981773030757904,4.794416546700619,7.428554010391234,10.4467915058136,29.72842788696289,"Amherst Town--Northampton--Easthampton Town, MA",890
9770,9762,0.9991811668372568,0.00300075020641088,2.3936761021614075,4.559091698568653,6.37685523033142,7.861468076705932,24.35645294189453,"Anacortes, WA",195
64205,54169,0.8436881862783272,3,3.374576139450073,5.048135922771081,7.017589092254639,10.001501731872557,29.82404327392578,"Anchorage, AK",994
49640,43308,0.8724415793714746,2.5004775524139404,2.931856405735016,5.097032986602658,8.840617799758911,13.478886785507203,23.808988571166992,"Anderson--Clemson, SC",249
41252,33938,0.8226995054785222,2.5,2.716191184520721,4.070723169630717,6.141803979873657,8.139087629318237,25.378952026367188,"Anderson, IN",363
99616,99323,0.9970587054288468,2.606202906463295e-4,2.178658127784729,4.917584477495618,7.830068778991698,10.287276039123531,36.12925720214844,"Ann Arbor, MI",1861
102908,86846,0.8439188401290473,2.5001368522644043,2.898312747478485,4.6709898468609286,6.223317861557007,7.475619268417367,31.94559097290039,"Antioch, CA",100
99121,98376,0.9924839337779078,4.719429853139445e-5,1.976042002439499,3.9554013117917335,6.030478239059448,7.641428709030151,27.70836067199707,"Appleton, WI",695
14636,14490,0.9900245968843946,5.665722419507802e-4,1.0002224624156952,3.996356487257282,6.610446238517762,10.50003524780274,20.52712059020996,"Aransas Pass--Port Aransas--Ingleside, TX",311
6657,5841,0.8774222622803064,2.5012946128845215,2.9226603507995605,4.4355415410935075,6.003140926361084,7.744929122924805,22.50533103942871,"Arcata, CA",289
23147,20286,0.8763986693740009,2.500189304351806,2.785713851451874,4.223400215948402,5.854603171348572,6.840975499153142,14.973641395568848,"Arroyo Grande--Grover Beach--Pismo Beach, CA",185
127862,108467,0.8483130249800567,2.50012731552124,2.8399652004241944,5.068358564312647,8.94346694946289,13.35332521438598,31.087392807006836,"Asheville, NC",2423
2975,2841,0.9549579831932772,2.5055227279663086,3.1968929767608643,5.1252980330425935,6.9742937088012695,8.564908218383787,11.736184120178224,"Aspen, CO",121
6850,6836,0.997956204379562,0.00407963432371616,2.4299744963645935,4.638091577682644,6.573652267456055,8.25916204452514,25.326416015625,"Astoria, OR",193
20661,20353,0.985092686704419,0.00220118858851492,2.2809726715087892,5.097897905302498,9.59207382202148,14.081906623840332,27.571971893310547,"Athens-Clarke County, GA",772
6503,6493,0.9984622481931416,0.01444498728960752,1.818011236190796,4.364431281490305,6.9528603553771955,8.68573070526123,14.774996757507324,"Athens, OH",402
1374827,1257585,0.9147223614316564,9.051412052940576e-5,3.0558797836303713,5.482945753706509,8.71522197723389,12.533333778381348,37.92145156860352,"Atlanta, GA",10460
145123,116278,0.8012375708881432,3,3.296974527835846,4.818704208100481,6.591923332214355,8.247090349197386,29.519248962402344,"Atlantic City--Ocean City--Villas, NJ",1858
2382,1861,0.7812762384550798,2.5036158561706543,2.785438537597656,4.281664740328248,6.0914483070373535,8.84774742126465,14.359087944030762,"Aubrey, TX",149
31646,27780,0.8778360614295646,2.500101327896118,2.9922529458999634,5.125689471059776,8.142247867584228,11.191394739151,26.185047149658203,"Auburn, AL",773
169914,132119,0.7775639441129042,3,3.2425833702087403,5.098231834409917,8.543552207946775,13.158257331848136,28.859649658203125,"Augusta-Richmond County, GA--SC",684
10927,9799,0.8967694701198865,2.5002522468566895,2.995951008796692,5.098345434876142,7.825116252899171,10.125249290466328,20.81930923461914,"Augusta, ME",209
566424,561255,0.9908743273590104,1.7021276289597154e-4,0.9868609786033632,5.096949253524387,7.304992723464965,9.377968330383291,35.619239807128906,"Austin, TX",5115
185853,166227,0.8944004132298107,1.3881176710128784e-4,2.131783485412598,4.002570072659447,5.544033622741694,6.927792711257924,31.24569320678711,"Bakersfield, CA",331
483502,447714,0.9259816919061348,1.3246787420939654e-4,3.147426748275757,5.061437922528145,7.773051047325131,10.99693276405334,33.00758743286133,"Baltimore, MD",5627
3141,3132,0.997134670487106,0.00986901111900806,1.956521397829056,3.9200652901985418,5.782653999328613,6.673953638076786,11.280357360839844,"Bandon, OR",119
24737,21622,0.8740752718599668,2.500046730041504,2.943117618560791,4.911980478199677,7.365811347961426,9.929656734466558,24.78409767150879,"Bangor, ME",971
181293,167794,0.9255404235133182,2.5001442432403564,3.378338599205017,5.135776584841267,7.289096856117249,9.420301084518444,26.86822509765625,"Barnstable Town, MA",4432
8449,7577,0.8967925198248313,2.500067710876465,3.073088312149048,5.1477897872990255,7.8516985893249505,11.063969917297351,20.22124481201172,"Barre--Montpelier, VT",201
264577,260137,0.9832184959388004,9.631591819925234e-5,0.8980059742927551,3.529964836840549,6.644716453552241,11.266484832763664,35.135948181152344,"Baton Rouge, LA",1003
34933,34866,0.9980820427675836,5.877742660231888e-4,1.5779544413089752,3.8018887990599137,6.62347948551178,9.76035966873169,30.10159683227539,"Battle Creek, MI",216
3445,3442,0.9991291727140784,0.00132362672593444,2.1689518690109253,4.506302326210194,6.539210247993467,8.425459985733049,16.903614044189453,"Bayside Gardens--Manzanita, OR",116
18704,16260,0.8693327630453379,3,3.2985395431518554,5.448243359123502,9.080791091918943,12.310887928009034,21.648408889770508,"Beaufort--Port Royal, SC",275
32990,23208,0.7034859048196423,2.500282049179077,2.679952728748322,4.070001865616752,6.450291991233826,9.87100825309754,21.658367156982425,"Beckley, WV",116
60861,52137,0.8566569724454084,3,3.2660086154937744,4.927447241245312,7.0939239501953075,10.819629173278804,24.00780487060547,"Bel Air--Aberdeen, MD",527
2294,2108,0.918918918918919,2.5011327266693115,3.172425103187561,5.386975832523838,7.807765412330626,9.87592452049254,16.299352645874023,"Belfast, ME",113
47283,47214,0.9985407017321236,2.443792764097452e-4,2.1870800256729126,4.5904571437280195,6.906350827217101,9.425619068145762,25.45978355407715,"Bellingham, WA",741
6169,5150,0.8348192575782136,3,3.2796329379081723,5.197363515177977,8.310788536071778,10.99817659378052,19.96732521057129,"Bemidji, MN",101
46299,42369,0.9151169571697012,2.500542163848877,3.1158134937286377,4.812246067095333,6.40413179397583,7.445696697235107,14.826021194458008,"Bend, OR",661
30807,30748,0.9980848508455872,3.077633155044168e-4,2.2219032406806947,4.709324108966883,7.660296750068661,10.220957527160635,24.42784881591797,"Benton Harbor--Lincoln--St. Joseph, MI",499
21639,19338,0.8936642173852766,2.50040864944458,2.873394811153412,4.441092526719124,6.160313105583189,7.795249595642093,16.398685455322266,"Big Bear, CA",151
59877,51735,0.864021243549276,2.5002026557922363,2.8713259935379027,4.520223455815266,6.324149703979491,8.224152355194084,28.526233673095703,"Billings, MT",276
61671,51806,0.840038267581197,2.5000293254852295,2.740686774253845,4.269192367227217,6.287170171737671,8.295665979385356,24.877384185791016,"Binghamton, NY",480
10116,10109,0.99930802688809806,8.237232104875147e-4,1.6360695600509645,4.03947990922261,6.0887092590332035,7.037503795623779,23.101850509643555,"Birch Bay, WA",121
303263,270366,0.8915231993352305,2.500067234039306,2.9763875007629395,5.180119159240467,8.84985089302063,12.804610347747795,33.19783020019531,"Birmingham, AL",1569
35959,27026,0.7515781862676938,2.528357982635498,3.2080553770065308,4.5320469997781885,6.223639369010925,8.649569272994995,21.523090362548828,"Bismarck, ND",171
19136,17107,0.8939694816053512,2.5003442764282227,2.9708245038986205,5.035703528036803,7.5940979480743405,10.09802896499634,28.427505493164063,"Blacksburg--Christiansburg, VA",463
47615,42934,0.9016906437047147,2.5002617835998535,2.9516252756118773,4.822132375402811,6.887122535705566,9.379337196350097,26.776371002197266,"Bloomington--Normal, IL",412
32552,30078,0.9239985254362252,2.5002601146698,3.011112844944,4.762884133467214,6.865729641914367,8.680723114013672,22.89707374572754,"Bloomington, IN",819
29565,28391,0.9602908844917978,3,3.8705708980560303,6.417258528152175,10.148776531219482,13.706580829620332,20.91426467895508,"Bluffton East--Hilton Head Island, SC",873
15004,13050,0.8697680618501733,3,3.550290334224701,4.9247221342539875,6.3425192594528195,8.86163959503174,19.45799446105957,"Bluffton West, SC",130
174985,174004,0.9943938051833014,1.5199878544081002e-4,1.9523276925086976,4.521457545395143,6.368430566787721,7.856201329231262,35.32710266113281,"Boise City, ID",1367
5710,4634,0.8115586690017513,3,3.271534025669098,4.8682464471807965,7.168517827987671,10.768357286453254,27.310041427612305,"Boone, NC",173
4246,3809,0.8970796043334903,2.5010201930999756,3.1722618579864506,5.485225920791105,8.213559341430663,10.769177169799804,20.120113372802734,"Boothbay Harbor, ME",263
1102820,1054206,0.9559184635751982,1.5913430252112448e-4,3.116599798202514,5.291727357379645,7.878633499145508,10.57689170837401,37.494140625,"Boston, MA--NH",11829
31448,27123,0.8624713813279064,2.5000505447387695,3.1116106033325193,4.6374821930654555,6.414773607254025,8.064269390106178,29.28746795654297,"Boulder, CO",878
19989,19555,0.9782880584321376,1.35611611767672e-4,0.6262811720371246,4.221639749359663,6.377431154251098,8.056111221313461,29.194900512695313,"Bozeman, MT",435
11147,8453,0.7583206243832421,2.5019044876098633,3.426023006439209,5.586450105783546,8.57377700805664,10.88750671386716,25.77393913269043,"Branson, MO",187
3853,3295,0.8551777835452894,2.5003933906555176,2.8106497287750245,4.6600373462046045,7.022359371185299,9.370311832427976,15.252374649047852,"Brattleboro, VT",154
5823,5091,0.8742916022668727,2.5016138553619385,3.046083927154541,5.3334428766719295,7.616861581802368,9.899624061584475,21.004074096679688,"Breckenridge, CO",135
95053,83350,0.8768792147538742,2.500136375427246,2.9859777331352233,4.651575434850088,6.480187869071962,8.369437494277953,32.369869232177734,"Bremerton, WA",1201
6940,6036,0.8697406340057637,2.501014232635498,2.881474494934082,4.732115264599335,7.504753112792969,10.448530769348135,20.867109298706055,"Brevard, NC",123
269107,268910,0.999267949180066,5.347593687474728e-4,2.293401622772217,4.809302898399293,7.283451771736145,10.039162883758529,36.29816436767578,"Bridgeport--Stamford, CT--NY",2735
34325,27383,0.7977567370721049,2.50060510635376,2.7982709407806396,4.2133140686643795,6.362510395050048,9.346431217193608,20.34429168701172,"Bristol, TN--VA",283
68452,53093,0.7756237947759014,2.500056743621826,2.6766590118408207,3.964813140778036,5.5411113739013675,6.946242198944109,29.973915100097656,"Brownsville, TX",244
30300,24216,0.7992079207920793,3,3.1839852333068848,4.880792148915856,7.55819582939148,10.0788396835327,22.86880874633789,"Brunswick--St. Simons, GA",687
12800,10248,0.800625,2.5014212131500244,3.1293668985366825,5.128593254703548,8.253886127471922,11.783125104904194,27.998882293701172,"Brunswick, ME",492
404403,394766,0.976169810807536,1.8841262499336153e-4,2.111749529838562,4.290150952548308,6.451422452926636,7.854874777793877,32.12665557861328,"Buffalo, NY",1721
56900,45938,0.8073462214411248,2.500509023666382,2.885490190982819,4.607660353440652,6.817313122749329,8.83153867721557,27.33993148803711,"Burlington, NC",394
34955,32250,0.9226147904448576,2.500030279159546,3.1037965536117555,4.982712728507759,7.062090110778809,8.940574512481687,26.601198196411133,"Burlington, VT",1504
23694,18704,0.7893981598716975,2.500846147537231,3.1308271050453187,4.423986702290634,6.028254032135009,7.118454394340522,16.936494827270508,"Camarillo, CA",149
6747,6707,0.9940714391581444,0.0051621557213366,1.8211095929145813,3.9319231051026016,5.9743432044982905,7.473073959350571,12.197383880615234,"Cambridge, MD",194
7606,6710,0.8821982645280042,2.5009515285491943,2.8733413577079774,4.780941683276044,7.1808936595916695,9.864058380126954,25.39475440979004,"Canandaigua, NY",284
141622,126619,0.8940630692971431,2.500026226043701,2.8181280851364137,4.443103841337795,6.5316007137298575,8.413810234069821,88.686187744140625,"Canton, OH",467
21677,18867,0.8703695160769479,2.5004725456237793,2.813034462928772,4.3317171552004705,6.527094697952271,8.403571071624755,33.73048400878906,"Cape Girardeau, MO--IL",153
13601,11268,0.8284684949636056,2.500016450881958,2.7391967177391052,4.409842519523998,6.80460741519928,8.653252067565916,20.84955596923828,"Carbondale, IL",147
13406,11755,0.8768461882739073,2.500983953475952,2.8650087594985965,4.776489997548988,7.904724693298338,11.147972049713117,20.583559036254883,"Carrollton, GA",206
29410,28947,0.9842570554233254,1.8138944869861007e-4,0.3324187338352206,4.761641191296781,6.831470394134522,7.934847345352179,20.151268005371097,"Castle Rock, CO",178
3624,3148,0.8686534216335541,2.500359058380127,2.795169448852539,4.474426590502641,6.478228664398193,7.658252987861625,13.083118438720703,"Catskill, NY",232
83756,74024,0.8838053393189742,2.500065326690674,2.8874873757362365,4.860306418957896,7.378350090980519,9.477748689651516,27.094139099121097,"Cedar Rapids, IA",261
21357,21286,0.9966755630472444,1.684636081336066e-4,1.62505242228508,3.736796499527155,5.701263427734375,7.113039636611941,23.481121063232425,"Centralia, WA",124
20362,14858,0.7296925645810824,3,3.14316645860672,4.389434449363644,6.203016376495361,8.616123504638676,24.701492309570313,"Chambersburg, PA",126
43332,37689,0.8697729160897258,2.500164747238159,2.8721581459045407,4.711695901769816,7.25975770950317,10.271706771850598,29.87184715270996,"Champaign, IL",553
252020,213550,0.8473533846520117,3,3.3900870919227604,5.411708004768825,8.35559411048889,11.323201045990045,28.18892288208008,"Charleston, SC",2554
73630,61924,0.8410158902621214,0.26769229769706726,2.732529413700104,4.32619451691594,6.8425240039825415,10.306377058029174,34.052799224853516,"Charleston, WV",232
440904,392723,0.8907222433908515,2.50003981590271,3.154789853096008,5.3517818346757,8.55837459564209,12.694205017089844,32.40968322753906,"Charlotte, NC--SC",3022
24684,22717,0.9203127532004536,3,3.4671700477600096,5.594903355716961,8.584932899475099,11.676990585327149,26.062408447265625,"Charlottesville, VA",662
157812,120189,0.7615960763440043,2.5000743865966797,2.9721774578094484,4.838449537630574,7.960760021209708,11.685565872192376,29.88661003112793,"Chattanooga, TN--GA",2021
6437,6436,0.99984464812801,0.0032497679349035,2.494207262992859,4.707444931148887,6.978182315826416,8.949095487594604,18.898344039916992,"Chesapeake Beach, MD",132
35086,28447,0.810779228182181,2.5000030994415283,2.8312497615814207,4.237710316537298,5.765309000015257,7.212436122894289,29.989341735839844,"Cheyenne, WY",115
2769777,2407322,0.8691392844983549,2.344445965718478e-5,2.4473264694213865,4.850766421863278,7.680612444877616,9.7854650592804,39.10296630859375,"Chicago, IL--IN",17725
38215,38046,0.995577652754154,3.242016537114978e-4,2.0812543630599976,4.264619590353525,6.449630856513977,8.024455881118785,26.535816192626953,"Chico, CA",280
580510,523619,0.9019982429243252,2.5000078678131104,3.006582164764404,4.950442356006286,7.31640477180481,9.756160163879397,36.96361541748047,"Cincinnati, OH--KY",3871
722142,619695,0.858134549714599,1.701838045846671e-4,2.8740859270095824,4.686286013840054,7.043388938903808,9.61531980514525,33.597877502441406,"Cleveland, OH",4522
29603,24808,0.8380231733270277,2.5003302097320557,2.707818257808685,4.208681571314466,6.70343046188354,10.10228731155396,26.32406997680664,"Cleveland, TN",115
56929,56289,0.9887579265400762,9.65250947047025e-5,0.9998998641967772,4.133464800995469,6.046038818359374,7.51726015090943,26.736196517944336,"Coeur d'Alene, ID",117
2140,1710,0.7990654205607477,2.501434564590454,3.0189667344093323,4.686321202635068,6.450028491020202,7.952264132499704,11.15095329284668,"Colchester, CT",108
60711,59797,0.984945067615424,8.276775042759255e-5,0.8173107504844666,3.952331320119275,6.254643058776855,8.692493019104004,30.491039276123047,"College Station--Bryan, TX",652
204154,183526,0.8989586292700609,2.5002923011779785,3.2525580525398254,5.138988973323687,6.9071409702301025,8.628512382507324,35.25449752807617,"Colorado Springs, CO",1669
43098,38259,0.887721007935403,2.5005173683166504,3.120704698562622,4.955451563823653,7.321420669555663,9.906155185699452,30.278892517089844,"Columbia, MO",707
228488,198274,0.8677654844018067,3,3.4175696969032288,5.346901296317504,8.159839820861816,11.562309579849195,29.920381546020508,"Columbia, SC",1608
92845,89052,0.9591469653723949,4.279356508050114e-4,2.3833552479743956,4.439907393193624,7.338506889343261,10.279200134277358,32.20545196533203,"Columbus, GA--AL",443
513772,508675,0.9900792569466612,3.286068749730475e-5,1.939663648605347,4.428845213921252,6.60068678855896,8.215683097839358,33.516151428222656,"Columbus, OH",3645
168040,156604,0.9319447750535588,2.5000312328338623,3.2799455881118775,4.918110736923435,6.732500171661377,8.637192010879517,33.9678955078125,"Concord--Walnut Creek, CA",1093
115564,96652,0.8363504205461909,2.500047445297241,2.8833433032035827,4.75891802459986,7.130701494216916,10.04265996932985,25.29840087890625,"Concord, NC",613
12909,11110,0.8606398636610118,2.500741481781006,3.0747695565223694,5.014777881127022,7.615577173233032,10.253079977035522,17.589265823364258,"Concord, NH",243
15730,15715,0.9990464081373172,8.071024785749614e-4,1.9998330593109133,3.831290979225624,5.4880938053131105,6.709538316726693,13.915203094482422,"Coos Bay, OR",123
9281,7067,0.7614481198146752,2.500180244445801,2.6896459102630614,4.302236115930778,6.62628355026245,9.07287666320801,19.143646240234375,"Corning, NY",117
130537,129233,0.9900104951086665,1.941559021361172e-4,1,3.767676515998013,5.92894992828369,8.29668884277343,34.56963348388672,"Corpus Christi, TX",664
20198,20168,0.9985147044261808,7.911392604000866e-4,2.1427265644073485,4.347857179739903,6.519439220428465,7.960262269973754,20.42799186706543,"Corvallis, OR",1568
13471,12680,0.9412812708781828,3.983270144090056e-4,1.8330226957798008,3.926981432678112,5.819416594505308,6.953583126068088,15.564261436462402,"Cottonwood (Yavapai County)--Verde Village, AZ",148
14544,13266,0.9121287128712872,2.5005991458892822,2.9553321599960327,5.095630005206455,7.822608590126038,10.097926235198976,19.4033145904541,"Crestline--Lake Arrowhead, CA",146
22020,17965,0.8158492279745686,2.500011682510376,2.7506951332092284,4.292422168712048,6.294303798675536,8.428397521972657,24.100671768188477,"Cumberland, MD--WV--PA",176
1643049,1592733,0.9693764458637568,7.472305878764018e-5,1.5868397235870364,4.462385292782505,6.570992088317871,8.770456924438472,35.26292037963867,"Dallas--Fort Worth--Arlington, TX",5089
24263,20187,0.8320075835634505,2.500011444091797,2.728097772598267,4.414681736708526,7.193580198287965,10.2794691467285,20.899246215820313,"Dalton, GA",208
53030,53005,0.9995285687346784,0.00102901831269264,2.3163942813873293,4.688164468388925,7.1043745994567855,9.523249282836916,22.480453491210938,"Danbury, CT--NY",809
130786,106028,0.8106983927943358,2.500016212463379,2.920603597164154,4.7270928986988094,7.494040226936339,10.942719097137442,29.47739601135254,"Davenport, IA--IL",426
18377,17267,0.9395984110573,2.500666618347168,3.117274928092957,4.922384924387941,6.91796178817749,9.322592182159424,19.40338134765625,"Davis, CA",557
272343,258678,0.949824302442141,3.9942482544574887e-5,1.906773561239243,4.066697906895122,6.400015044212341,8.435555152893066,38.60334014892578,"Dayton, OH",1222
174584,135622,0.7768294918205563,3,3.1636792302131655,4.498063789553725,6.510268521308899,9.112504529953014,29.05894660949707,"Daytona Beach--Palm Coast--Port Orange, FL",1316
45340,38519,0.8495588883987649,2.5001134872436523,2.7531639099121095,4.368839195817643,6.763090085983276,9.72219924926757,27.68418312072754,"Decatur, IL",135
18446,16514,0.8952618453865336,0.00200434285216033,2.822279489040375,4.6117300419550125,6.8191882133483865,9.082294187545749,35.27035140991211,"DeKalb, IL",111
79322,63365,0.7988326063387207,2.9248319333419204e-4,2.74617395401001,4.180251209233627,6.157987499237059,8.381711997985839,25.18855857849121,"Deltona, FL",305
125090,107158,0.8566472140059157,2.500275135040283,3.18670152425766,4.855792695990193,6.519759106636047,8.777998819351195,30.72622299194336,"Denton--Lewisville, TX",760
780469,748614,0.9591847978587236,3.2177104003494605e-5,2.0899204134941103,4.60701965781009,6.587763071060179,8.487335634231565,36.368560791015625,"Denver--Aurora, CO",6398
193123,177769,0.9204962640389804,2.0946356016793288e-5,2.538767671585083,4.811344963872721,7.3393949508667,9.355927162170412,32.49510192871094,"Des Moines, IA",750
6855,5926,0.8644784828592268,2.503105401992798,2.8799211382865906,4.588689891019867,6.719885945320129,8.12351942062378,23.047740936279297,"Detroit Lakes, MN",197
1592112,1467184,0.9215331584712634,2.124495367752388e-4,2.4980796694755556,4.590418405895033,7.099781441688537,9.632015886306752,36.86052322387695,"Detroit, MI",4893
25404,22871,0.9002912927098095,2.500579833984375,2.9881269931793213,5.00570609093046,7.353666305541992,9.231219673156737,22.418283462524418,"Dover--Rochester, NH--ME",382
45492,34528,0.758990591752396,0.00136008160188794,3.1873927354812626,4.721405846444927,7.086828041076661,11.432550315856936,29.26519012451172,"Dover, DE",170
29952,24096,0.8044871794871795,2.5001204013824463,2.7370426058769226,4.35193804038038,6.759345531463623,9.95278258323669,28.535545349121097,"Dubuque, IA--IL",108
60879,50731,0.8333086942952413,2.5000603199005127,2.7148436307907104,4.424478709179586,6.667309999465942,8.86014671325682,34.78372573852539,"Duluth, MN--WI",885
7127,6419,0.9006594640101024,2.500068187713623,2.8285333156585697,4.37183292009764,6.288979768753052,7.614164409637448,13.541650772094728,"Durango, CO",138
107561,97967,0.9108041018584804,2.500266790390014,3.4335735797882077,5.888692640141919,9.725463581085204,13.58470766067504,28.8817195892334,"Durham, NC",2630
1458,1327,0.9101508916323732,2.5169997215270996,3.752840447425842,6.036000935404302,9.56849756240845,13.001081657409673,18.415639877319336,"Durham, NH",108
17875,17847,0.9984335664335664,0.00727802049368619,2.734250545501709,5.535352336457583,7.874331903457643,10.436724433898938,25.30345344543457,"East Hampton North--Springs--Northwest Harbor, NY",263
3856,3045,0.7896784232365145,2.500016927719116,2.7383545875549316,4.20102112845247,6.438050842285156,8.727228202819823,15.718185424804688,"East Tawas, MI",104
42268,42130,0.9967351187659697,1.6005121869966388e-4,2.018026351928711,4.513880871063499,7.142904472351072,9.537794113159173,31.373592376708984,"Eau Claire, WI",280
28037,24975,0.8907871740913792,2.5006892681121826,2.842661428451538,4.267616786804046,6.06063380241394,7.796819887161244,18.45748519897461,"El Paso de Robles (Paso Robles)--Atascadero, CA",242
277181,216403,0.7807281162850267,2.5813112733885646e-4,2.5017175674438477,4.181233172652671,5.937241315841675,7.929422340393073,35.745201110839844,"El Paso, TX--NM",595
62645,56313,0.8989224998004629,0.00439077941700816,2.742375993728638,4.472423941294387,7.082771015167234,9.249895515441889,26.48521614074707,"Elkhart, IN--MI",473
30698,24691,0.8043194996416705,2.500551462173462,2.681484341621399,4.066187823298181,5.915461301803589,7.21557512283325,19.996301651000977,"Elmira, NY",172
70376,60148,0.8546663635330226,2.500926733016968,3.200369930267334,4.767131971474173,7.256441068649291,10.294799127578727,25.651453018188477,"Erie, PA",363
6422,5582,0.8691996262846465,2.500452041625977,2.7964695811271665,4.303199566123905,5.916932916641234,6.705959692001338,12.635689735412598,"Estes Park, CO",540
94540,93851,0.9927120795430504,1.684636081336066e-4,2.239849328994751,4.237152261435072,6.199440956115723,7.802834510803223,26.97334671020508,"Eugene, OR",1296
20946,17321,0.8269359304879214,2.5013413429260254,3.177250862121582,4.246205564707244,5.804357528686523,7.362737560272213,18.473865509033203,"Eureka, CA",259
95744,81098,0.8470295788770054,2.5000739097595215,2.7820382714271545,4.434408132955088,6.72116641998291,9.049593076705932,31.27400016784668,"Evansville, IN",497
5406,4842,0.8956714761376249,2.5006988048553467,3.0342896342277528,5.165574127856684,7.518786382675169,9.992984218597416,17.363170623779297,"Exeter, NH",186
33226,28133,0.8467164268946006,3,3.3100739479064942,5.034551716077952,7.718708992004395,10.520254135131838,28.75346946716309,"Fairhope--Daphne, AL",358
123415,118822,0.9627841024186689,4.6157398173818365e-5,1.1958394229412082,4.301562839635349,6.906800007820129,8.587799949645994,24.639686584472656,"Fayetteville--Springdale--Rogers, AR--MO",926
126526,111678,0.8826486255789324,2.5001161098480225,3.009271264076233,4.655372352760982,6.816403865814206,9.304262447357177,32.21892166137695,"Fayetteville, NC",424
17360,15939,0.9181451612903224,2.5002686977386475,3.0735552549362186,4.785915440900973,7.110699701309204,9.693241729736323,18.36661148071289,"Fenton, MI",141
25095,20356,0.8111576011157601,3,3.2589495182037354,4.981363827972802,7.340543270111084,10.378279638290408,28.98253059387207,"Fernandina Beach--Yulee, FL",256
23185,19258,0.8306232477895191,2.500307083129883,2.7322673559188844,4.173321077045912,6.050068473815917,7.726907067298892,22.328590393066406,"Findlay, OH",106
22837,22808,0.9987301309278802,4.108463472221046e-4,2.260315454006195,4.949300422947742,7.246202683448787,8.726347484588624,17.343015670776367,"Flagstaff, AZ",499
141105,136788,0.969405761666844,0.00101214577443897,2.094505071640014,4.259961468532842,6.699982285499573,9.048932008743297,25.219512939453125,"Flint, MI",260
6870,6856,0.997962154294032,2.696508017834276e-4,1.967579960823059,4.004347255114057,5.785831809043884,6.78214244842529,13.151562690734863,"Florence, OR",123
39076,32337,0.8275412017606715,2.5014591217041016,3.2490169525146486,5.0398263045342615,7.826526069641109,11.256394271850583,21.687484741210938,"Florence, SC",115
25810,25748,0.997597830298334,1.399645407218486e-4,1.9732434749603271,4.062190345668873,6.295824313163749,7.874287338256829,23.193532943725582,"Fond du Lac, WI",235
116533,94247,0.8087580342049033,2.500112533569336,2.8842026710510256,4.554859642742311,6.203531599044799,7.92750247955322,31.623504638671875,"Fort Collins, CO",1486
46406,43320,0.9334999784510624,3.1123560620471835e-4,2.0777948975563048,4.173464416042824,6.492161798477173,8.644346017837524,23.190128326416016,"Fort Smith, AR--OK",115
140323,124377,0.8863621786877418,2.5000240802764893,2.9156869411468502,4.656689440133385,6.705896759033203,8.549194831848151,32.07369613647461,"Fort Wayne, IN",453
15673,14423,0.9202450073374592,2.5027270317077637,3.0188060998916626,4.532649487833503,6.3967141628265365,7.933532371520997,17.631868362426758,"Frankfort, KY",101
1985,1639,0.8256926952141058,3.037426233291626,3.3296490430831907,5.247550498573718,8.235676670074461,10.033448505401603,15.959874153137209,"Frankfort, MI",115
2383,1990,0.8350818296265212,2.502514600753784,2.8595290660858153,4.742830576728935,7.019683861732483,8.933571453094482,11.70901107788086,"Fraser, CO",105
47183,46581,0.9872411673696034,5.576311741606333e-5,1.3686901330947876,4.594597817771093,6.8310770988464355,8.661133003234863,28.723352432250977,"Frederick, MD",593
48767,43068,0.8831381877089015,3,3.388080513477325,5.395814387609204,8.71206283569336,12.397504072189337,21.84640121459961,"Fredericksburg, VA",456
6691,6630,0.9908832760424452,0.01269841287285089,2.1539828658103946,4.513154608675533,6.450851821899409,8.090546159744264,19.367923736572266,"Freeland, WA",229
13630,11506,0.8441672780630961,2.5003626346588135,2.7338989973068237,4.231444527931718,6.468875050544739,8.80462527275089,35.726741790771484,"Fremont, NE",210
229433,196186,0.8550905928964011,2.500011682510376,2.7977932691574097,4.191689921334679,5.887334227561951,7.338701391220085,31.70450782775879,"Fresno, CA",509
30886,26183,0.8477303632713851,2.500110626220703,2.7528393983840944,4.443013378840163,7.09688568115234,9.80492177963257,22.069591522216797,"Gadsden, AL",138
54029,46013,0.8516352329304633,3,3.263236570358276,5.311570770336918,9.061099433898928,12.387038650512684,25.69532585144043,"Gainesville, FL",1436
105628,90438,0.8561934335592836,2.5004396438598633,3.054209744930267,5.409628093599859,9.163862085342396,13.503089056015057,29.04756546020508,"Gainesville, GA",476
88584,67711,0.7643705409554773,2.500011444091797,2.738953471183777,4.47786850842359,6.543328285217285,11.705038070678606,34.56828308105469,"Galveston--Texas City, TX",840
75306,62021,0.8235864340158818,2.500108480453491,2.957879066467285,4.703928491858239,6.8276848793029785,8.505850219726568,19.589263916015625,"Gastonia, NC",307
14343,11653,0.8124520672104859,2.500476837158203,2.7107087135314942,4.296673412068477,6.4203342437744135,8.647152938842764,22.974536895751953,"Geneva, NY",210
33557,29788,0.8876836427570999,2.500407457351685,2.820371127128601,4.5030649338566375,6.672905445098877,8.459477815628055,32.79584503173828,"Glens Falls, NY",276
3470,3086,0.8893371757925072,2.5019078254699707,2.8416662216186523,4.5821547264104066,6.686537504196167,8.667999458312993,12.042040824890137,"Glenwood Springs, CO",103
18204,18104,0.994506701823775,6.999533507041633e-4,2.2934374809265137,4.444787123673047,6.479888367652892,8.025443601608279,22.73040008544922,"Grafton--Port Washington--Cedarburg, WI",316
23803,20036,0.8417426374826702,2.5003528594970703,2.77884978055954,4.437856426636933,6.602113842964172,9.25192432403567,35.0098876953125,"Grand Forks, ND--MN",137
61226,48692,0.7952830496847745,2.500087261199951,2.770921468734741,4.089103524778722,5.720487976074218,7.001559615135184,20.28294563293457,"Grand Junction, CO",426
222935,218032,0.9780070424114652,5.259559111436829e-5,1.7967886984348298,4.290190037810643,6.970301580429077,9.878971328735355,31.206377029418945,"Grand Rapids, MI",1833
28737,24745,0.861085012353412,2.5006093978881836,2.773676824569702,4.063858095538281,5.954678535461426,7.928124618530283,19.51859474182129,"Grants Pass, OR",186
17465,17460,0.9997137131405668,0.00368788815103471,2.257173848152161,4.589883481761595,6.799079346656798,8.748028573989867,18.270551681518555,"Grass Valley, CA",118
33744,26825,0.7949561403508771,2.5001471042633057,2.734917449951172,3.996547739139141,5.657983779907225,7.356725406646723,23.144702911376953,"Great Falls, MT",121
80880,78952,0.976162215628091,3.1871495593804866e-5,1.9256373047828672,4.311727476895572,6.797641229629516,9.394332151412971,31.842697143554688,"Green Bay, WI",774
16208,16006,0.9875370187561698,4.290924698580056e-4,1,4.102502587949062,5.86436927318573,6.56976239681244,11.305970191955566,"Green Valley, AZ",617
9335,7794,0.8349223352972683,2.5002126693725586,2.723957586288452,4.419220489081524,6.784093999862668,8.625286531448364,15.59844207763672,"Greenfield, MA",121
40853,33623,0.8230240129243874,3,3.273067665100098,4.854849683775041,6.9705823898315415,9.377881469726551,24.124935150146484,"Greenville, NC",161
165522,147294,0.8898756660746003,2.5000674724578857,3.024227786064148,5.101619832394026,7.937757253646852,10.79568996429444,28.74938583374023,"Greenville, SC",766
99322,89848,0.9046132780250096,1.535390765639022e-4,1.7583916008472442,3.924399739585706,6.496187210083008,8.802744722366329,29.543306350708008,"Gulfport--Biloxi, MS",708
70792,53209,0.7516244773420726,2.227667573606595e-4,3.126557159423828,4.519671225192996,6.466347503662108,8.768185272216785,28.072654724121097,"Hagerstown, MD--WV--PA--VA",264
8495,7658,0.9014714537963509,2.5002946853637695,3.003851139545441,4.607258657650712,6.170502543449402,7.582340331077576,17.139404296875,"Half Moon Bay, CA",226
17366,17209,0.9909593458482092,5.367686389945447e-4,1.0062712907791138,4.718854463769002,7.353298950195311,9.978597221374493,16.01418685913086,"Hampstead, NC",267
46292,32770,0.7078976929059017,2.5000569820404053,2.647885775566101,3.9133561277447737,5.509496545791626,6.589456067085271,25.316041946411133,"Harlingen, TX",409
160649,133258,0.8294978493485798,1.0419922909932212e-4,2.50318558216095,4.393051346855732,6.572969722747801,8.782531585693343,28.074670791625977,"Harrisburg, PA",1682
18140,15243,0.840297684674752,2.500129461288452,2.9228291511535645,4.552543644031374,6.428789472579956,8.373326053619383,18.8330078125,"Harrisonburg, VA",286
324771,242748,0.7474435833248658,0.01834862306714058,2.9736987233161924,4.7378538766132365,7.092339515686035,9.50397472381592,29.959774017333984,"Hartford, CT",2041
30157,23749,0.787512020426435,3,3.161758232116699,4.90718022448534,8.267711830139149,11.881550216674809,24.15712547302246,"Hattiesburg, MS",131
28537,21876,0.7665837333987455,2.5001065731048584,2.683763682842255,4.065286189170572,5.850373983383179,8.116494417190552,33.85298538208008,"Helena, MT",202
101431,83174,0.8200057181729452,2.500093698501587,2.8174002170562744,4.393118230240576,6.455524969100951,8.02663092613222,24.649791717529297,"Hickory, NC",247
62991,52489,0.8332777698401359,2.5000131130218506,2.955525302886963,4.646429034699692,7.120564746856688,10.001368789672886,22.371992111206055,"High Point, NC",220
5377,4574,0.8506602194532267,2.5009429454803467,3.0280972957611083,5.397625293958954,8.956945610046382,11.476921958923334,21.171497344970703,"Hillsborough, NC",134
12046,9385,0.7790967956168022,3,3.2072700023651124,4.6835489181108025,6.533847522735592,7.851530780792236,14.653640747070313,"Holden Beach, NC",132
40299,40026,0.993225638353309,2.053950447589159e-4,1.5692404806613924,4.215124698540656,6.801746487617493,9.44188117980957,29.541805267333984,"Holland, MI",526
8354,8335,0.9977256404117788,0.00928792543709278,2.006414008140564,4.474083984875297,6.747453355789183,8.345772495269774,15.92361068725586,"Hood River, OR--WA",168
5915,5786,0.9781910397295012,3.000955104827881,4.173247337341309,6.344509371580486,10.442884206771849,13.910703992843622,20.902297973632813,"Hot Springs Village, AR",228
28952,20300,0.7011605415860735,2.5014283657073975,3.090575444698334,5.3537758063682785,9.619087648391725,13.063334741592383,27.052156448364254,"Hot Springs, AR",151
4576,4037,0.8822115384615384,3,3.2820497512817384,4.997140268657005,7.425264644622802,9.458051681518551,13.626429557800291,"Houghton--Hancock, MI",129
69855,68697,0.9834228043805024,2.0695364219136536e-4,0.9892696022987364,3.1369923513287117,5.217761898040771,6.995290870666492,23.99043655395508,"Houma, LA",158
1791701,1584405,0.8843021240709248,6.94299815222621e-5,2.0695939540863035,4.501830566593704,6.847433853149406,9.88348217010498,36.62898635864258,"Houston, TX",5853
101456,100443,0.9900153761236398,1.5812776109669358e-4,1.7086754083633424,3.8274720610504502,5.91475715637207,7.5460931968689025,27.235591888427734,"Huntington, WV--KY--OH",274
137187,114001,0.8309898168193779,2.5000035762786865,2.8838839530944824,4.720356662095996,7.583673000335693,11.183836936950684,35.85335159301758,"Huntsville, AL",802
37927,32206,0.8491575922166267,2.5002386569976807,2.9342536330223083,4.289793354853602,5.83437716960907,7.058995532989503,21.403175354003903,"Idaho Falls, ID",167
14406,13026,0.9042065805914202,2.5006115436553955,2.9382110834121704,4.729583871542135,6.464008569717407,7.729946613311768,15.647683143615724,"Incline Village, NV--CA",175
621983,540854,0.8695639591435779,2.5000178813934326,2.9198806524276737,4.750797976648817,6.777364683151244,8.70565735816955,38.67291259765625,"Indianapolis, IN",3664
34807,31358,0.9009107363461372,2.500079393386841,3.187404227256775,5.3080085554903915,7.833450818061828,9.80637269020081,25.9551944732666,"Iowa City, IA",499
12648,11634,0.9198292220113852,2.5001182556152344,3.0300541281700135,4.998745960162148,7.328399443626404,9.087416067123414,15.108494758605955,"Ithaca, NY",1348
38211,38139,0.9981157258381096,5.619240109808743e-4,1.5220392704010008,3.780070800019582,6.335044002532958,8.951525287628204,27.550426483154297,"Jackson, MI",122
128674,110137,0.8559382625860702,2.50014591217041,3.043398141860962,5.04322943047367,8.602273178100585,12.822670249938962,27.22552490234375,"Jackson, MS",377
3531,3206,0.907958085528179,2.5038673877716064,2.9264010190963745,4.453094143534331,6.02796745300293,6.99191613197325,9.334303855895996,"Jackson, WY",127
432184,356800,0.8255742924310016,3,3.216445195674896,4.829838773928951,7.281501245498656,9.983687200546273,29.98250389099121,"Jacksonville, FL",2853
37736,37496,0.9936400254398984,2.1953896794002503e-4,1.4235008656978607,4.13758567590018,6.527859807014465,9.765749406814574,31.97353744506836,"Jacksonville, NC",105
26283,21455,0.8163071186698626,2.5006983280181885,2.7034353971481324,4.226342049402891,6.214595651626587,7.588992280960083,17.739551544189453,"Jamestown, NY",250
28834,28041,0.972497745716862,1.0131712042493746e-4,2.1296610832214355,4.223729915874524,6.446028709411621,8.526461982727039,29.699296951293945,"Janesville, WI",184
20859,19411,0.9305815235629704,2.5002799034118652,3.168893575668335,4.867594860367856,6.77780818939209,8.710476684570319,34.068721771240234,"Jefferson City, MO",104
57445,43888,0.7640003481591087,2.500162363052368,2.6890595674514772,4.174309510418502,6.369416093826294,9.336536779403684,23.81393241882324,"Johnson City, TN",286
42477,32752,0.7710525696259152,2.500626802444458,2.690350651741028,4.0497815964364055,6.287069988250732,9.311540002822875,27.16638946533203,"Joplin, MO",134
6390,5685,0.8896713615023474,3,3.372894763946533,4.994114137387842,7.168054199218751,9.172994346618646,24.94235038757324,"Juneau, AK",283
8322,6228,0.7483777937995674,3,3.1839962363243104,4.398766755024132,5.732364511489868,6.8868082523345935,27.143922805786133,"Kailua (Hawaii County), HI",461
76600,76338,0.996579634464752,3.924756892956794e-4,1.6932659149169924,4.1527357575037405,7.22785663604736,10.373122444152834,27.27597999572754,"Kalamazoo, MI",707
581169,516394,0.8885436077973877,2.5000221729278564,3.0924041986465456,5.192347745194305,7.782151579856873,10.396681270599368,32.27866744995117,"Kansas City, MO--KS",2843
7420,6091,0.82088948787062,2.501859664916992,2.81005334854126,4.435824317819398,6.861340761184692,9.996585559844972,18.586162567138672,"Keene, NH",211
98506,76629,0.7779120053600795,2.500280380249023,2.8494414329528808,4.404532102838525,6.155371761322018,7.918888301849368,30.987133026123047,"Kennewick--Richland--Pasco, WA",611
53135,53038,0.9981744612778772,4.836369480472058e-4,1.9903746485710143,4.039450905052667,6.1588716983795155,8.045009126663201,25.09713554382324,"Kenosha, WI",236
16698,13985,0.8375254521499581,2.500558853149414,2.7725756645202635,4.078900198020976,5.725808811187743,7.270537548065184,16.01275634765625,"Kerrville, TX",238
4143,3846,0.9283128167994208,2.509350538253784,3.252221703529358,5.233958868018303,7.107298493385315,8.316707324981692,14.907936096191406,"Ketchum, ID",133
14654,10678,0.7286747645694008,3,3.232011842727661,4.909126373104532,7.2868933200836175,11.621222362518289,27.806804656982425,"Key Largo, FL",434
9610,7278,0.7573361082206035,3,3.2012532472610475,4.6128249560191295,6.504009985923765,9.255191059112548,29.9511775970459,"Key West, FL",367
23469,20079,0.8555541352422344,0.00244200252927839,3.127929162979126,5.209987106205928,7.894856786727903,11.072764396667502,27.790760040283203,"Kill Devil Hills--Nags Head, NC",1094
82273,64056,0.7785786345459629,2.500051736831665,3.295446991920471,4.748960720729006,6.234573721885681,7.881849169731133,23.16290283203125,"Killeen, TX",123
14305,11607,0.8113946172666899,3,3.1709771156311035,4.6366919028601865,6.9967300415039055,10.11167699813843,29.94795799255371,"Kingsland--St. Marys, GA",220
50218,38134,0.7593691505038034,2.5001208782196045,2.6748373031616213,4.0966680371755695,6.320909261703491,9.962637739181504,27.525184631347656,"Kingsport, TN--VA",177
20222,19257,0.952279695381268,0.00647249212488532,1.9517282962799072,4.292639501771788,6.816230392456056,8.899588165283195,18.403470993041992,"Kingston, NY",281
130608,125416,0.9602474580423864,7.93273065937683e-5,0.31288252025842667,3.567559934801965,5.8663142919540405,7.669833803176889,30.411518096923828,"Kissimmee--St. Cloud, FL",349
22318,17159,0.7688412940227619,2.5001513957977295,2.669261336326599,3.8292250850969167,5.537824535369871,6.792858905792231,23.990657806396484,"Klamath Falls--Altamont, OR",122
244352,200775,0.8216630107386066,2.5000107288360596,2.8240310907363892,4.67012759520277,7.292805719375609,10.857518291473395,36.67092514038086,"Knoxville, TN",2233
42261,36300,0.8589479662099808,0.00133868807461112,2.7162026524543763,4.290745642187164,6.433646702766416,8.172793397903456,27.22554397583008,"La Crosse, WI--MN",314
7906,6703,0.8478370857576524,2.5006520748138428,2.7405295610427856,4.078865907698376,5.861363792419434,7.338528509140008,18.643817901611328,"La Grande, OR",159
14664,12336,0.8412438625204582,2.500025510787964,3.039929211139679,5.065955330174411,7.499959826469421,10.15977807044982,21.72976303100586,"Laconia, NH",186
33400,26186,0.7840119760479042,1.4230824308469892e-4,2.512374997138977,4.6729015856484795,6.254521369934082,7.362981057167056,21.615978240966797,"Lafayette--Erie--Louisville, CO",422
49871,45228,0.9068998014878388,2.501234531402588,3.010454797744751,4.819184814116635,7.261608648300172,9.497752399444604,29.570241928100582,"Lafayette, IN",538
97013,95209,0.9814045540288416,1.952362363226712e-4,0.7272986412048342,3.463598346259949,5.997475528717039,8.162870292663573,34.760318756103516,"Lafayette, LA",505
2789,2035,0.7296522050914306,3,3.161577081680298,4.47451325365015,6.402888631820678,8.515915584564212,22.265504837036133,"Lahaina--Napili-Honokowai, HI",321
77543,76546,0.9871426176444036,2.499375259503722e-4,0.9780262857675552,3.4711433040534754,5.785196542739868,10.024007606506352,34.520748138427734,"Lake Charles, LA",207
125388,102399,0.8166570963728587,3,3.2378934144973757,4.7757803272072445,6.8462784290313685,9.82440727233889,24.647043228149418,"Lancaster--Manheim, PA",940
3537,2556,0.72264631043257,3.000643253326416,3.129761278629303,4.255199789254691,6.097970366477966,8.320102262496938,13.959839820861816,"Lander, WY",104
117907,117562,0.9970739650741688,5.115089588798583e-4,1.7730631113052369,4.119371373402185,6.623884439468383,9.2185244846344,34.19682312011719,"Lansing, MI",1100
57923,57130,0.9863094107694698,1.677289546933025e-4,0.6819009065628052,3.3625082340679415,5.50593683719635,7.374957818984982,31.865787506103516,"Las Cruces, NM",318
699380,674305,0.9641468157510938,8.710043039172888e-5,0.22718418240547197,3.7318290526011255,6.214103412628174,8.114972839355465,38.14704132080078,"Las Vegas--Henderson--Paradise, NV",1078
28638,26296,0.9182205461275228,2.5010149478912354,3.326790750026703,5.470215653426603,8.196449279785156,10.771441411972036,33.000484466552734,"Lawrence, KS",368
10348,9177,0.8868380363355238,2.501904010772705,2.9073596954345704,4.891949833770898,7.366288471221921,9.519621429443358,26.80198860168457,"Lebanon, NH--VT",378
27116,20198,0.7448738752028323,3,3.182014894485474,4.578658463294134,6.546962094306944,8.783513765335078,18.670934677124023,"Lebanon, PA",100
32506,30347,0.9335814926475112,2.5001211166381836,3.314374542236328,5.109122320993432,6.739143180847167,8.466859092712406,27.928850173950195,"Lee's Summit, MO",116
4449,3306,0.7430883344571814,2.512829542160034,3.0737675428390503,4.725185033558213,7.593963861465454,11.003447246551508,18.094463348388672,"Lee, MA",151
34606,32094,0.9274114315436628,2.500101327896118,2.9818469643592835,4.817018610907988,7.036487436294555,8.723910274505613,25.836620330810547,"Leominster--Fitchburg, MA",250
29182,28581,0.9794051127407306,1.250938221346587e-4,1,4.463502444335071,6.850414752960205,8.547535896301284,27.940095901489254,"Lewes--Rehoboth Beach, DE",447
31067,26054,0.8386390703962404,2.500223398208618,2.733658015727997,3.978118373462425,5.615529370307922,6.668077116012575,92.04491424560548,"Lewiston, ID--WA",119
22200,20135,0.906981981981982,2.5001518726348877,2.960209083557129,4.905060391252023,7.414327096939086,9.421056098937989,22.43024444580078,"Lewiston, ME",308
109022,102365,0.9389389297572966,2.500040292739868,3.019986820220947,4.755579355575539,6.693484210968016,8.412031631469727,30.560054779052734,"Lexington-Fayette, KY",873
18945,16613,0.8769068355766693,3,3.343200302124023,5.417902292525295,9.172089195251464,12.846167373657236,20.50332260131836,"Lexington Park--California--Chesapeake Ranch Estates, MD",288
34540,30095,0.8713086276780544,2.500201463699341,2.7862933397293093,4.341784281016862,6.4897966384887695,10.133676261901863,26.935373306274418,"Lima, OH",129
2999,2996,0.9989996665555184,0.00100684654898941,2.0095688104629517,4.299192575899245,6.612127423286438,8.756800889968872,18.385154724121097,"Lincoln Beach, OR",123
7088,7084,0.9994356659142212,0.00499999988824129,2.0649289727211,4.257609730068424,6.429512071609497,8.537437467575074,19.085832595825195,"Lincoln City, OR",162
99914,89970,0.9004744079908722,2.5000510215759277,3.0730003476142884,4.971189225566669,7.169253492355347,9.033755321502682,28.996654510498047,"Lincoln, NE",701
9476,9079,0.958104685521317,3,3.657235598564148,5.487783511392161,7.42757625579834,8.948813896179189,16.288000106811523,"Litchfield Beach, SC",189
182773,162635,0.8898196123059752,5.498977261595428e-4,2.8864004611968994,4.837570235627562,7.509482049942013,9.656837921142582,29.17792510986328,"Little Rock, AR",879
69846,61555,0.8812959940440398,2.5002517700195313,3.1306500911712645,4.760007560112737,6.35538420677185,8.282251605987547,34.449588775634766,"Livermore--Pleasanton--Dublin, CA",483
32694,23516,0.7192757080809935,1.1890071630477903,3.1374877095222473,4.334085246366513,5.910672426223755,7.421912455558765,21.13300895690918,"Logan, UT",295
33856,29410,0.8686791115311909,2.5002074241638184,2.857469737529754,4.466130946891237,6.122659945487976,7.66511435508728,28.549043655395508,"Longmont, CO",331
29658,29458,0.9932564569424776,3.9486674359068e-4,1.0135387361049653,3.943001214600767,7.268058919906613,10.973588371276858,22.576923370361328,"Longview, TX",120
94744,93041,0.9820252469813392,4.023605142720044e-4,1.8310558795928955,4.089844974008911,6.563173294067383,8.951098632812508,25.502838134765625,"Lorain--Elyria, OH",502
4705,4324,0.9190223166843784,2.502725124359131,3.0041241526603697,4.5426623511380555,6.229823732376099,7.471315860748277,20.1136417388916,"Los Alamos, NM",266
3012457,2704455,0.8977572128000499,4.885913949692622e-5,2.564655065536499,4.119864721378201,6.206516838073728,8.507069091796872,38.815155029296875,"Los Angeles--Long Beach--Anaheim, CA",9410
6761,6107,0.9032687472267416,2.5012595653533936,2.817675065994263,4.180675739349545,5.620670270919799,6.483906221389766,13.146897315979004,"Los Osos, CA",177
108953,81636,0.7492772112745862,2.500035524368286,2.758688628673554,4.021936246506394,5.682031989097595,7.878315186500539,28.52250099182129,"Lubbock, TX",354
44850,41041,0.915072463768116,2.500011444091797,3.006677627563477,4.876285824248562,7.311950206756592,9.428793144226075,28.241539001464844,"Lynchburg, VA",348
56395,56260,0.9976061707598192,5.310110282152891e-4,2.14021635055542,4.5784443536873685,8.039223384857163,12.100965375900266,30.47806930541992,"Macon-Bibb County, GA",419
120525,116176,0.9639161999585149,1.4727540838066489e-4,2.4709901213645935,4.97688436990511,7.766987681388855,10.337384939193726,35.510074615478516,"Madison, WI",2263
48526,44806,0.9233400651197295,2.500028610229492,2.9801520705223083,4.814851805529829,6.97071897983551,8.925400066375726,23.9912109375,"Manchester, NH",423
48910,48550,0.9926395420159476,1.851851848186925e-4,1.7385383427143095,4.345630763238779,7.831815195083609,12.20400584220888,22.98897933959961,"Mandeville--Covington, LA",351
16867,14465,0.8575917471986719,2.5020365715026855,3.269000005722046,5.085877523313457,7.89789695739746,10.79019313812257,18.975465774536133,"Manhattan, KS",211
4506,3823,0.8484243231247226,3.000404119491577,3.2612826824188232,4.830842559012698,7.011360549926756,9.71404661178588,15.106060981750488,"Manistee, MI",108
26832,21978,0.8190966010733453,2.5000486373901367,2.676730155944824,3.9323561544012184,5.545710396766662,7.3716735267639155,27.56320571899414,"Manitowoc, WI",202
33283,27045,0.8125769912567977,0.03452546894550323,2.6321324348449706,4.016268993100059,6.090458774566649,7.698910655975348,22.42083168029785,"Mansfield, OH",112
64482,63394,0.9831270742222636,1.9611688912846148e-4,1.9238937675952912,4.4149869287878305,6.333635902404785,7.53004626750946,22.119230270385746,"Marysville, WA",525
13609,11195,0.8226173855536777,2.5548665523529053,3.198333859443665,5.411494356204805,9.848408222198485,12.83041660308837,23.08116912841797,"Mason City, IA",112
63252,57002,0.9011888952127995,2.500204801559448,3.2979780912399295,5.3882679459647225,7.764269804954528,10.136943693160998,23.026878356933594,"Mauldin--Simpsonville, SC",315
3695,3253,0.8803788903924222,3,3.29552583694458,5.177530504394377,8.811939811706537,12.525563430786132,19.273576736450195,"McCall, ID",125
6548,5559,0.8489615149664019,2.5000574588775635,2.9316925764083863,4.122019093121143,5.438564157485962,6.020501461029053,11.99599266052246,"McKinleyville, CA",110
164461,127297,0.7740254528429232,8.319467451656237e-5,0.6828463554382325,4.7332906145131375,6.596295928955078,8.773463935852048,33.69601821899414,"McKinney--Frisco, TX",461
8557,7028,0.8213158817342526,3,3.1915353894233705,4.932697291596749,8.283626747131347,11.69613816261289,18.02145767211914,"Meadville, PA",149
73487,62046,0.8443125995073959,2.500309705734253,2.8041411638259888,4.134019611851911,5.935462474822998,7.581491971015932,35.74403762817383,"Medford, OR",634
17546,16094,0.9172460959762908,2.501365423202514,3.10098170042038,4.879819107393426,6.563438892364502,8.088495550155637,22.654138565063477,"Medina, OH",137
335975,334232,0.9948121139965772,1.0278548870701344e-4,1.8888888359069824,4.340408001738815,8.126776885986327,12.355770225524909,33.657203674316406,"Memphis, TN--MS--AR",1185
1387390,1155931,0.8331694764990377,3.9215687138494104e-5,1.640781283378601,3.813458321129641,6.2797627449035645,9.590267658233635,40.29038619995117,"Miami--Fort Lauderdale, FL",5836
15811,14493,0.916640313705648,2.5000431537628174,2.884851312637329,4.561119896526754,6.659656238555908,8.530539474487306,23.512889862060547,"Middletown, NY",128
24273,21975,0.9053269064392536,2.5003976821899414,2.950213098526001,4.821196500378935,7.232959032058716,9.42048948287962,28.07799911499023,"Midland, MI",138
500106,497515,0.9948190983511496,2.883340130210854e-5,2.009643316268921,4.427299488011579,6.819722318649292,8.625761680603027,34.3513069152832,"Milwaukee, WI",3069
947006,943918,0.9967391970061436,9.14801494218409e-5,2.319999933242798,4.908463091650552,7.459501194953912,9.536881093978876,37.85114669799805,"Minneapolis--St. Paul, MN",7985
149463,144656,0.9678381940680972,1.2327416334301233e-4,0.9868911355733871,4.592787883555274,6.631609678268433,8.618364000320458,33.74224853515625,"Mission Viejo--Lake Forest--Laguna Niguel, CA",1088
37291,36419,0.9766163417446568,3.736920771189034e-4,2.008907246589661,4.352176027516296,6.236886882781982,7.748120822906494,25.893728256225582,"Missoula, MT",656
3942,2867,0.7272957889396245,3,3.1383339881896974,4.332498880226021,6.230947589874267,8.023453235626224,11.654022216796877,"Moab, UT",107
138227,106806,0.7726855100667742,3,3.1544034481048584,5.007679171397722,8.88594126701355,12.194816017150876,29.860624313354492,"Mobile, AL",334
119796,106908,0.8924171090854452,2.5000252723693848,2.8304696559906004,4.1909922809049895,5.861009740829468,7.037061595916742,29.85633659362793,"Modesto, CA",249
48925,40546,0.8287378640776699,2.5000784397125244,2.7435070276260376,4.637806781276885,8.256800413131714,12.29181756973269,27.003774642944336,"Monroe, LA",112
100609,86478,0.8595453687045891,2.500060796737671,2.8719590783119204,4.594113409730105,7.230839753150939,10.137952747344944,32.67802810668945,"Montgomery, AL",313
12940,10322,0.7976816074188563,2.50112247467041,2.783477711677551,4.187734097340522,5.748403882980346,7.046511912345881,27.13306999206543,"Montrose, CO",137
32358,25135,0.7767785400828234,0.00382128148339688,3.038549542427063,4.78340196657185,7.121706581115721,10.07884428024292,28.097396850585938,"Morehead City--Emerald Isle--Atlantic Beach, NC",820
23061,17852,0.7741208100255843,2.5014567375183105,3.012434339523315,4.955377738731687,7.463336634635926,10.178457946777373,25.14476776123047,"Morgantown, WV",601
8444,7297,0.8641639033633349,2.5002353191375732,2.8205739021301266,4.2875772920621325,5.710371017456055,6.515099563598632,10.963052749633787,"Morro Bay, CA",194
7714,6793,0.8806066891366346,2.500807046890259,2.908814096450806,4.596971356779245,6.4419404983520465,8.081162261962891,23.086366653442383,"Moscow, ID",229
8563,7638,0.8919771108256452,2.5008039474487305,2.9548006296157836,4.723707129144332,6.822890114784241,8.391346483230594,22.938247680664063,"Mount Pleasant, MI",187
27886,27834,0.9981352650075308,5.129958735778928e-4,1.8666426360607145,4.131322156750876,6.2272720575332645,7.677144069671627,22.86049461364746,"Mount Vernon, WA",254
39635,30019,0.75738614860603,2.5001628398895264,2.873244500160217,4.384483769508717,6.85765104293823,9.57424049377441,19.069255828857425,"Muncie, IN",115
56239,46336,0.8239122317253151,2.5001392364501953,2.76043164730072,4.454352511947161,6.459489941596985,9.232818746566773,23.786941528320313,"Murfreesboro, TN",309
70247,61415,0.8742722109129215,4.954173928126693e-4,3.057304644584656,5.189223047316054,8.859855651855465,12.479508705139162,30.12712860107422,"Muskegon--Norton Shores, MI",588
158534,127125,0.8018784614026013,3,3.3076258659362794,4.952433347625132,7.142667293548582,9.53322078704833,29.91419219970703,"Myrtle Beach--North Myrtle Beach, SC--NC",1357
11547,11521,0.9977483329003204,8.092415373539552e-5,1.5060975551605225,4.412616418118401,7.622363090515137,10.775657844543437,20.526601791381836,"Nacogdoches, TX",124
74254,72830,0.9808225819484472,1.3312033843249085e-4,0.83281210064888,3.943347324833376,5.746763539314271,6.998872451782229,28.83333396911621,"Nampa, ID",253
7193,6424,0.8930905046573057,3,3.460300695896149,4.908952984388264,6.292633318901061,7.511498303413379,12.588324546813965,"Nantucket, MA",227
30646,29196,0.9526855054493244,2.500717878341675,2.9945290088653564,4.470116775980517,6.355170488357544,7.783482575416561,20.42350196838379,"Napa, CA",167
77972,73749,0.9458395321397424,4.017677856609226e-4,3.019800567626953,4.798599339899222,6.814917659759512,8.803829269409185,21.218364715576172,"Nashua, NH--MA",757
378975,288759,0.7619473580051455,2.5000288486480713,2.9695235013961794,4.878298028350267,7.0369334220886195,9.2986943244934,35.812618255615234,"Nashville-Davidson, TN",2848
86305,72675,0.8420717223799317,3,3.265105652809143,4.901148534711792,7.129660272598267,9.62194065093986,29.283069610595703,"Navarre--Miramar Beach--Destin, FL",838
52209,46690,0.8942902564691911,2.500839948654175,3.0636736989021305,5.044501889883055,7.719533181190489,9.501715841293336,28.74640464782715,"New Bedford, MA",392
24000,19746,0.82275,3,3.2230241894721985,4.778825398770362,7.109648585319519,10.179114627838132,21.46891212463379,"New Bern, NC",318
41238,30627,0.7426887821911828,2.500340461730957,2.941638970375061,4.8002404203049664,6.6100011348724355,8.921158981323241,23.445117950439453,"New Braunfels, TX",281
10295,8914,0.865857212238951,2.5012824535369873,2.736545717716217,4.201926897988074,6.270498132705688,8.336437978744513,25.07036018371582,"New Castle, IN",117
186883,169946,0.9093711038457216,0.00561797758564353,2.9783331155776978,4.989368246956765,7.563283324241638,10.117199039459226,31.473194122314453,"New Haven, CT",2258
301537,300288,0.9958578880867024,2.0420666260179132e-4,1.5708532750606536,3.658665694698098,6.112100124359127,8.626006708145143,33.85791778564453,"New Orleans, LA",1170
87501,74133,0.8472246031473926,1.1558020923985168e-4,3.1805671215057374,4.927410976887382,7.126426887512206,9.6993420410156,29.26320457458496,"New York--Jersey City--Newark, NY--NJ",21883
38789,38482,0.992085385031839,3.820877172984183e-4,1.8702462017536163,3.937567110519749,6.074032926559448,7.421825752258301,23.549272537231445,"Newark, OH",184
5705,5692,0.9977212971078002,0.00118764850776642,1.9969575107097624,4.1512218983730005,6.627817678451537,8.614326543807985,18.41914176940918,"Newport, OR",326
5422,4561,0.8412025082995205,2.5014519691467285,2.9276509284973145,4.292007727885398,6.08854866027832,7.433306884765612,13.13056182861328,"Nice, CA",208
9018,7262,0.80527833222444,2.5014376640319824,2.8248573422431944,4.264683107409192,5.783397960662842,6.900418972969069,17.00314712524414,"Nipomo, CA",124
40270,40009,0.9935187484479762,2.8826750349253416e-4,1.0380192041397096,4.260302360759756,6.162968349456786,7.8584159278869565,25.137319564819336,"Norman, OK",292
10744,8122,0.7559568131049889,2.5010950565338135,2.7170098781585694,4.338609436937401,6.820246553421019,9.111618509292605,20.541086196899418,"North Adams, MA",202
5388,4809,0.8925389755011136,2.504112720489502,3.0789912700653077,4.9266934508369085,7.093952846527098,8.854089889526367,14.285292625427246,"North Windham, ME",371
5712,5260,0.9208683473389356,0.9209315776824952,3.3459838032722473,5.251111484979042,8.56927490234375,11.625660629272453,23.049089431762695,"Northfield, MN",118
63696,56226,0.8827241899020347,2.5001986026763916,2.938710629940033,4.744588615223238,7.080828070640564,10.416793584823608,29.726215362548828,"Norwich--New London, CT",902
14879,14864,0.9989918677330466,0.01256281416863203,2.0958818793296814,4.300864317776764,6.1670595645904545,7.336016941070552,17,"Oak Harbor, WA",189
15118,14052,0.9294880275168672,0.02293443121016025,3.3511072158813477,4.977208926181772,6.801156973838806,8.159253540039058,19.63035774230957,"Oak Island, NC",269
28023,27522,0.9821218284980194,6.721785030094907e-5,0.985839095711708,4.485313664275304,7.765859961509703,10.836168956756596,31.988590240478516,"Ocean Pines--Ocean City, MD--DE",521
19903,19368,0.9731196302065016,1.6254876391030848e-4,0.9138203680515288,4.494039575110755,7.042837023735046,8.75685429573058,27.115623474121097,"Ocean View, DE",239
194830,187992,0.9649027357183184,3.349298276589252e-5,1.066159009933472,4.132412317579259,6.202338385581969,7.546600174903867,38.67013931274414,"Ogden--Layton, UT",583
390889,386904,0.9898052899928113,1.0552418825682253e-4,0.9614832848310472,3.9443442436600895,5.765592622756957,7.152817807197564,30.53560256958008,"Oklahoma City, OK",1061
74731,69691,0.932558108415517,2.1246458345558497e-4,2.6438111066818237,4.561375788577908,6.523754835128784,8.355625152587926,27.725845336914063,"Olympia--Lacey, WA",994
289912,253007,0.8727027511796683,2.500049352645874,2.953390336036682,4.826662962842457,6.911229610443115,9.266840438842774,38.29209518432617,"Omaha, NE--IA",1164
531640,490973,0.9235065081634188,1.5637215983588248e-4,2.0074240207672123,4.201768783075103,6.514967346191407,8.94224414825439,34.13921356201172,"Orlando, FL",3176
27235,25571,0.9389021479713604,2.0918751033605076e-5,2.299363374710083,4.379294289361025,6.759639739990234,9.313052654266336,25.119699478149418,"Oshkosh, WI",206
103697,85759,0.8270152463427101,2.5000171661376953,2.798199367523193,4.216372743043386,6.042189073562622,7.340157699584957,29.725664138793945,"Oxnard--San Buenaventura (Ventura), CA",788
24093,18616,0.7726725604947495,2.500030279159546,3.140475213527679,4.707109019781419,6.9919211864471444,9.23402132987975,18.149423599243164,"Paducah, KY--IL",114
7968,7950,0.9977409638554215,0.03804531693458557,2.804140102863312,5.4569454313496,7.291909074783325,8.975590219497683,16.341772079467773,"Park City--Snyderville, UT",124
22146,16482,0.7442427526415606,0.01817355677485466,3.1376766562461853,4.598627452803564,7.113246107101437,10.266986474990851,23.368772506713867,"Pascagoula--Gautier, MS",228
6331,4867,0.7687569104406887,2.501403331756592,2.70074622631073,4.4398722372335255,6.825681972503662,9.599949436187751,23.3487606048584,"Penn Yan, NY",144
124583,102938,0.826260404710113,2.5001144409179688,2.9303924202919007,4.804824141254998,7.457411193847653,9.899036035537724,28.0104923248291,"Peoria, IL",465
24994,22149,0.8861726814435464,2.5081827640533447,3.241404819488525,4.584176738287257,6.2732244491577145,7.416073322296149,19.07338523864746,"Petaluma, CA",203
1399309,1227905,0.8775081129328833,3,3.2838719844818116,5.040160176876138,7.566424942016602,10.906392707824704,29.73365592956543,"Philadelphia, PA--NJ--DE--MD",12928
1358794,1209511,0.8901356644200666,1.2197672185720876e-4,1.962529182434082,4.196917519175038,6.047837972640991,7.831059026718133,37.2352180480957,"Phoenix--Mesa--Scottsdale, AZ",4934
150138,145330,0.9679761286283286,1.4892032777424902e-4,0.25743934810161595,4.057831431154363,6.1155728578567485,9.31601863861082,31.82975959777832,"Phoenix West--Goodyear--Avondale, AZ",280
23159,20733,0.895245908717993,2.5033862590789795,3.4561659336090083,5.24683655641683,6.9721668243408175,8.484674797058108,25.391937255859375,"Pinehurst--Southern Pines, NC",548
698953,596465,0.8533692537266454,2.5000107288360596,2.84505844116211,4.607611830177188,6.907550716400146,9.190270233154296,36.85237121582031,"Pittsburgh, PA",4656
22180,18332,0.8265103697024346,2.500065803527832,2.713586616516113,4.255069543083448,6.476436066627503,8.686717967987057,28.4874210357666,"Pittsfield, MA",509
11409,9853,0.8636164431589096,2.5002894401550293,2.830673885345459,4.4691664588689735,6.2405504226684565,7.783599224090576,22.20503044128418,"Plattsburgh, NY",100
15155,15141,0.9990762124711317,0.020467836409807202,2.0447309017181396,4.175949671308484,6.024955749511719,7.383108043670655,23.22832489013672,"Port Angeles, WA",275
40446,36303,0.8975671265390892,0.00126422254834324,2.5107779979705813,4.234279591854423,6.505777597427369,8.763005180358887,29.057310104370117,"Port Huron, MI",290
4476,3596,0.803395889186774,0.11839530616998672,2.9610986709594727,4.695723714717189,6.662227034568787,8.586887788772586,19.67346954345703,"Port Townsend, WA",448
74612,68928,0.923819224789578,2.500025987625122,3.1205171942710876,5.265412323035044,7.838209152221678,10.577853441238394,27.690858840942383,"Portland, ME",2312
688385,685391,0.995650689657677,3.9591417589690536e-5,2.402298927307129,4.724156665450216,6.840250015258789,8.605089187622069,33.747169494628906,"Portland, OR--WA",6812
51947,45163,0.869405355458448,2.500148296356201,3.03609561920166,5.300791606619485,7.80657081604004,10.65783676147461,38.5,"Portsmouth, NH--ME",2237
96170,94485,0.9824789435374855,8.532422943972051e-4,2.3179124355316163,4.555665992746455,6.854963779449464,9.04353172302246,26.040918350219727,"Poughkeepsie--Newburgh, NY",1163
42969,32824,0.7638995554934953,2.5003373622894287,3.092920923233032,4.597920656966896,6.302028107643126,7.823265438079838,20.65264320373535,"Prescott--Prescott Valley, AZ",291
1384,1315,0.9501445086705202,3.0042450428009033,3.458195662498474,5.092619510839194,6.895283126831055,8.223180999755849,11.727432250976564,"Princeville, HI",269
427177,391102,0.915550228593768,2.5000016689300537,3.0746169328689574,4.907526629094155,7.1196440935134895,9.070076999664304,34.341026306152344,"Providence, RI--MA",3084
4131,3669,0.888162672476398,3,3.417718696594238,5.280575412337999,7.381658267974853,9.009325103759773,23.31484031677246,"Provincetown, MA",230
161086,158242,0.982344834436264,6.826870230725035e-5,0.5525784999132156,4.273967298450419,6.394496369361875,7.880821571350097,30.431116104125977,"Provo--Orem, UT",1073
58247,50925,0.8742939550534792,2.5009665489196777,2.792266321182251,4.2639928595833645,6.109303188323974,7.925461196899425,40.4169807434082,"Pueblo, CO",108
7241,6288,0.8683883441513603,2.502415657043457,3.0241356134414676,4.963616634939463,7.032177448272703,9.095398521423345,20.959001541137695,"Pullman, WA",147
61290,61155,0.9977973568281938,3.89458640711382e-4,2.0607831716537475,4.214355736623243,6.4088558673858635,8.003319187164305,35.32618713378906,"Racine, WI",239
335275,298095,0.8891059577958392,2.500499725341797,3.618950009346008,5.760995565957754,8.151226234436034,10.954120044708253,29.717662811279297,"Raleigh, NC",4652
37890,37227,0.9825019794140936,6.0683294577756897e-05,1.2253053545951844,3.88136149484825,5.900558376312255,7.449690093994136,33.39785385131836,"Rapid City, SD",146
77672,59841,0.77043207333402,3,3.181597948074341,4.58949854049578,6.5829596519470215,9.115492057800292,26.80510711669922,"Reading, PA",293
6890,6883,0.9989840348330914,7.501875516027212e-4,2.3836817026138304,4.50159562794249,6.50528244972229,8.426960296630861,29.174257278442383,"Red Wing, MN",169
51130,47644,0.9318208488167417,2.5004239082336426,2.987086534500122,4.355348097128088,5.982126569747923,7.306162180900573,19.973960876464844,"Redding, CA",499
7575,6537,0.862970297029703,2.500411033630371,2.76856575012207,4.592187347043011,8.181798553466797,12.724349746704128,21.33397674560547,"Reidsville, NC",290
142031,120714,0.8499130471516781,2.5002024173736572,3.070854914188385,4.7014937708968265,6.314528203010559,7.700860533714294,35.82636642456055,"Reno, NV--CA",774
365875,312409,0.8538681243594124,3,3.274769830703735,5.737434499029297,10.616770172119129,16.026094436645494,29.884824752807617,"Richmond, VA",2715
9053,9046,0.9992267756544791,0.00146627565845847,2.545323431491852,5.030627198977425,7.755421280860901,10.72222409248352,20.109386444091797,"Ridgefield, CT",166
28578,28485,0.99674574847785,5.537098622880876e-4,2.261562633514404,4.891780886534182,7.446241378784179,9.85084690093994,22.426233291625977,"Riverhead--Southold, NY",603
691974,566345,0.818448381008535,2.500010251998902,2.7840577125549317,4.269539093793389,6.014950752258301,7.564707508087075,34.44060516357422,"Riverside--San Bernardino, CA",1034
89660,75411,0.8410774035244256,2.5000147819519043,2.7112454175949097,4.306554532269552,6.553806304931641,9.228251075744629,35.441436767578125,"Roanoke, VA",564
44777,35217,0.7864975322151998,2.5004758834838867,3.1471191883087157,4.938235531275177,7.394846057891845,11.0800997161865,29.522659301757813,"Rochester, MN",394
250749,249883,0.9965463471439568,1.05529761640355e-4,2.575242042541504,4.688899144713733,6.905751419067381,8.618880672454834,34.20479965209961,"Rochester, NY",2387
70396,51638,0.7335359963634297,2.5006234645843506,3.300451099872589,5.242913885200424,7.781003022193904,11.206244735717773,22.74738311767578,"Rock Hill, SC",443
2922,2922,1,0.45476189255714417,1.9972199738025664,4.067731308384271,6.088970994949341,7.678834705352781,12.354656219482422,"Rockaway Beach, OR",127
120249,105896,0.8806393400360918,2.5003271102905273,2.994651675224304,4.760544963542938,7.389017462730408,10.64353098869324,31.393972396850582,"Rockford, IL",319
6333,5696,0.8994157587241434,2.5060110092163086,3.054640531539917,4.946400863945149,6.988879203796387,8.596441459655763,16.630496978759766,"Rockland, ME",270
9797,8193,0.8362764111462693,5.289139808155596e-4,1.534520673751831,4.346298320626445,6.632263660430908,8.03357681274414,22.282215118408203,"Rockport, TX",247
13076,10797,0.8257112266748241,2.500204563140869,2.7195693492889403,4.244182204409662,6.407660007476807,8.437331504821774,18.54754638671875,"Rome, NY",108
21191,21122,0.9967439007125668,3.830683708656579e-4,1.809444808959961,3.7167985620358426,5.508533930778504,6.434393815994268,14.203455924987791,"Roseburg, OR",114
101133,100907,0.99776531893645,1.978239306481555e-4,2.2819868326187134,4.616745042287388,6.905392408370972,8.944294052124025,30.280363082885746,"Round Lake Beach--McHenry--Grayslake, IL--WI",637
8927,6802,0.7619581046264142,2.500727891921997,3.080541431903839,4.338965152579523,6.3636652469634996,8.70929765701294,16.375,"Rutland, VT",128
637257,579910,0.9100096193529456,2.5000109672546387,3.1001559019088747,4.697306091985117,6.404446268081665,7.803064970970154,31.744873046875,"Sacramento, CA",2855
54732,54049,0.987521011474092,0.00232828874140977,2.1126238822937013,4.129567785343877,6.538383293151854,8.704840965270995,31.4501895904541,"Saginaw, MI",116
84273,74146,0.8798310253580625,5.252101109363139e-4,2.8813883662223816,4.559475928249628,6.548322796821594,8.127987813949584,22.458820343017575,"Salem, OR",565
40145,36195,0.901606675800224,2.5000669956207275,2.93329553604126,4.479606245439806,6.20240888595581,7.090666532516476,20.568164825439453,"Salinas, CA",116
27924,27582,0.9877524709926944,2.2742779401596636e-4,1.8491511523723605,4.490297587598119,7.147574591636657,9.23770155906677,28.61413192749023,"Salisbury, MD--DE",271
365874,363658,0.9939432700875164,8.035570499487221e-5,1.9194207370281215,4.45810808432182,6.448834037780761,8.066731300353997,38.95062255859375,"Salt Lake City, UT",1663
667164,585773,0.8780045086365571,2.5000133514404297,3.102897787094116,4.958540945001507,6.761183261871338,8.633868827819828,35.5216178894043,"San Antonio, TX",2613
780491,713458,0.9141143203445012,1.365187781630084e-4,2.374169182777405,4.294805433690051,6.193705677986145,7.934536495208763,37.00429916381836,"San Diego, CA",5016
740215,686456,0.9273738035570748,2.324635279364884e-4,3,4.936685364653823,7.1532063484191895,9.627379655837991,35.288108825683594,"San Francisco--Oakland, CA",7684
449899,449143,0.9983196228486838,7.882394857006148e-5,2.700366401672363,4.6132203610978095,6.563222885131831,8.663081989288331,34.9822998046875,"San Jose, CA",2837
17187,15623,0.9090009891196836,2.5018343925476074,2.9018681764602663,4.560067240883445,6.273131275177002,7.705956296920779,16.691722869873047,"San Luis Obispo, CA",186
17605,14185,0.8057370065322351,2.5001437664031982,2.964412832260132,5.242436795004413,7.893675518035888,10.306719245910642,30.563796997070313,"San Marcos, TX",195
41055,33923,0.826281817074656,0.2590799033641815,2.7905879974365235,4.490401238939255,6.608397150039673,8.578362979888915,24.10438346862793,"Sandusky--Port Clinton, OH",450
60229,53285,0.8847067027511664,2.500629425048828,2.998953104019165,4.475200881261791,6.340245628356933,7.925785465240476,21.24681854248047,"Santa Barbara, CA",1470
75619,74889,0.9903463415279228,1.3904337538406253e-4,1.5575456619262695,4.644029721151624,6.638433456420898,8.1708059310913,27.93900489807129,"Santa Clarita, CA",239
62865,59219,0.9420027042074286,2.500431537628174,2.957348322868347,4.73725290283485,6.6191976070404035,8.63433931350708,30.0089111328125,"Santa Cruz, CA",1410
41410,29951,0.7232794011108428,2.500013589859009,2.655865430831909,3.795538818086751,5.543774843215942,7.093479633331299,15.116321563720703,"Santa Fe, NM",786
39760,34374,0.8645372233400402,2.500680923461914,2.899717855453491,4.251769537048175,5.899025416374206,7.31411663532257,28.34933280944824,"Santa Maria, CA",107
101194,88398,0.8735498152064352,2.5002176761627197,3.04068660736084,4.757240784864366,6.586587810516357,7.950490798950193,20.450286865234375,"Santa Rosa, CA",708
2411,2410,0.9995852343425964,0.00388349522836506,2.9558631420135497,5.250947238325288,7.347919702529907,9.131223526000964,18.42810821533203,"Saranac Lake, NY",166
29732,26306,0.8847706175164806,2.500776767730713,2.935656785964966,5.042198706559606,7.895556211471558,10.946064567565925,29.85317611694336,"Saratoga Springs, NY",399
110225,97427,0.8838920390111137,3,3.327388429641724,5.572231826254915,9.663724994659423,13.612864933013924,26.88233184814453,"Savannah, GA",977
4375,4371,0.9990857142857142,8.03858507424593e-4,1.6488377451896667,4.128932399039134,6.079911470413208,7.108754396438602,18.344343185424805,"Scappoose, OR",149
153947,133545,0.8674738708776397,2.5000109672546387,2.8242312908172607,4.502253414336725,6.441339492797851,8.054600067138672,30.463916778564453,"Scranton, PA",533
3810,3728,0.978477690288714,3.0079352855682373,5.042463493347168,7.302355665121979,9.869982719421383,11.69573663711548,15.85287857055664,"Seabrook Island, SC",289
46586,42869,0.9202120808826686,2.500088691711426,3.0469070434570313,4.791138157700721,6.8708490371704105,8.753626060485837,22.284446716308594,"Seaside--Monterey--Pacific Grove, CA",1156
5536,5533,0.9994580924855492,0.01983404159545898,2.1477039813995362,4.275806335792937,6.381949710845947,7.845307598114013,16.20145034790039,"Seaside, OR",179
1095258,1034868,0.9448623064154748,8.907892333809286e-5,2.955774474143982,4.8864274174790365,6.951217913627623,9.084728298187253,35.31386184692383,"Seattle--Tacoma, WA",11337
11431,10281,0.8993963782696177,2.5055577754974365,2.8857388496398926,4.551968709862009,6.449865818023682,7.762361335754395,26.642593383789063,"Sebastopol, CA",145
7115,7113,0.9997189037245257,0.05250043049454689,2.95216064453125,4.688177054309839,6.380223941802976,7.400767211914063,11.709565162658691,"Sedona, AZ",375
18665,18608,0.9969461559067774,6.411283975467086e-4,1.760586029291153,3.982503380011556,5.933059310913086,6.9703417396545415,16.183134078979492,"Sequim, WA",467
18521,14974,0.8084876626532045,2.5008914470672607,2.7564947485923765,4.451362553307732,7.095667004585263,10.568077745437629,22.615394592285156,"Sevierville, TN",228
24063,21129,0.878070066076549,2.500089406967163,2.7557783126831055,4.33336352553876,6.507493114471435,8.34082729339601,20.11550521850586,"Sharon--Hermitage, PA--OH",193
36588,36491,0.9973488575489232,3.3568311482667923e-4,1.9003199934959412,3.895651486329697,5.951225280761719,7.477063417434689,28.46294593811035,"Sheboygan, WI",279
121524,120944,0.9952272802080248,1.560549280839041e-4,1.7235015273094176,4.365262063427112,7.094146108627317,9.55689393997192,29.803890228271484,"Shreveport, LA",317
5855,5336,0.9113578138343296,2.500793695449829,3.131980717182159,5.073922234898743,6.844979643821716,8.866498136520367,15.112025260925291,"Silverthorne--Keystone, CO",148
39982,36297,0.9078335250862888,2.5004754066467285,2.8906957626342775,4.360689363226856,6.059021377563476,7.00639810562134,25.479463577270508,"Simi Valley, CA",101
66614,57638,0.8652535503047407,2.500037908554077,2.9939778208732606,4.871410818437347,6.848460507392883,8.745354852676389,28.19239044189453,"Sioux Falls, SD",249
39503,39036,0.9881781130547048,2.5119318161159754e-4,0.9620542526245116,3.789601333365156,6.379238963127136,9.469241619110123,25.36144638061523,"Slidell, LA",184
15084,14153,0.9382789710952002,2.50072717666626,2.897791242599487,4.453967667768121,6.447800540924073,8.546968955993652,18.05514144897461,"Sonoma, CA",165
16386,15103,0.9217014524594166,2.500546932220459,3.0328290700912475,5.003640075854842,7.299652481079101,9.596320037841796,15.890316009521484,"Sonora--Twain Harte, CA",176
126773,109801,0.8661229126075741,0.00694444449618458,2.744081735610962,4.493572211490658,7.208045482635498,9.724865913391112,30.335933685302734,"South Bend, IN--MI",755
14625,12628,0.8634529914529915,2.502201557159424,3.023506760597229,4.857570979842137,7.122746849060058,9.376911735534666,19.76491355895996,"South Lake Tahoe, CA--NV",198
59743,54573,0.9134626650821016,0.00178635225165635,2.995673894882202,4.918237029360213,7.155324363708495,9.077505836486814,18.98341941833496,"South Lyon--Hamburg--Genoa, MI",689
86773,72832,0.8393394258582739,2.500014066696167,2.937987911701202,4.835723911449706,7.434198689460754,10.028924541473398,28.300413131713867,"Spartanburg, SC",257
200577,199491,0.9945856204849012,1.2562813935801387e-4,1.7936711311340332,4.120663809781211,6.219958543777466,7.780622291564942,35.429935455322266,"Spokane, WA",573
76790,60166,0.7835134783174893,3,3.144496440887451,4.2588496220078955,5.824180603027344,7.44838125705719,21.912626266479492,"Spring Hill, FL",270
78880,70748,0.8969066937119675,2.50018310546875,2.854654383659363,4.684514354970664,7.154252624511718,9.21467737197876,28.761083602905273,"Springfield, IL",321
147518,126818,0.8596781409726271,2.500025749206543,2.9060057282447813,4.802380994812755,7.680631947517393,11.62795838356019,31.88020896911621,"Springfield, MA--CT",809
114078,96334,0.8444573011448308,2.500068187713623,2.7547775506973267,4.2845164289170965,6.441649436950682,8.581721658706664,28.932147979736328,"Springfield, MO",355
40048,33322,0.832051538154215,3,3.2657928109169005,4.903164015097619,7.193268871307372,9.4543535900116,27.756298065185547,"St. Augustine, FL",709
39267,39166,0.9974278656378128,1.4628437929786742e-4,2.3288397192955017,4.719659275372962,7.154184699058533,9.195537471771232,26.66706085205078,"St. Cloud, MN",245
54421,51983,0.9552011172157808,9.898049756884576e-5,0.24963118880987176,3.9811793353649367,6.092889976501461,7.307743721008302,25.962995529174805,"St. George, UT",297
2989,2422,0.810304449648712,2.5101566314697266,2.9192800402641295,4.285243799428523,6.077328705787658,7.265061421394348,12.208617210388184,"St. Ignace, MI",122
4594,4345,0.9457988680888116,3.0252747535705566,4.659200859069824,5.830965787330074,6.995901203155518,8.194885559082046,10.103903770446776,"St. James, NC",126
38196,31362,0.8210807414388941,2.5001919269561768,2.7515686869621274,4.609175245681745,7.284325289726255,10.144596557617186,30.44634437561035,"St. Joseph, MO--KS",111
828318,822673,0.9931849845107796,2.8582453523995355e-5,2.2463731288909914,4.46372721228645,6.789695835113525,8.598020477294925,32.9112434387207,"St. Louis, MO--IL",4210
10130,8713,0.8601184600197433,2.5013082027435303,2.8279623985290527,4.59926056588242,7.483576393127441,10.987743644714264,18.88582992553711,"Starkville, MS",154
17160,14820,0.8636363636363636,3,3.257396447658538,5.116257339900965,8.579316425323482,13.374992141723622,26.193592071533203,"State College, PA",550
11857,9213,0.777009361558573,3,3.167296504974365,4.867909357082723,8.047232055664061,12.06884754180907,23.10801887512207,"Statesboro, GA",289
25359,22339,0.8809101305256516,2.5000085830688477,2.8249745607376098,4.402761036304091,6.49660096168518,8.868191471099852,21.766319274902344,"Staunton--Waynesboro, VA",254
5989,5056,0.8442143930539322,2.502190589904785,2.8293874263763428,4.741908506502079,7.076937794685364,9.517466640472412,15.117730140686035,"Steamboat Springs, CO",154
17173,13432,0.7821580387818087,2.5022685527801514,3.050534605979919,4.12249586234638,5.860432791709899,7.681295881271364,22.965736389160156,"Stevens Point, WI",249
8390,8254,0.9837902264600716,3.546099178493023e-4,1.99719135761261,4.403506023850378,6.538760042190551,8.337219171524048,26.24089813232422,"Stevensville--Chester--Romancoke, MD",158
11366,11314,0.9954249516100652,8.726003579795361e-4,2,4.802417364563282,7.165120100975038,9.250625095367438,27.843103408813477,"Stillwater, MN--WI",110
16139,13680,0.8476361608525931,2.5039584636688232,2.9238550066947937,4.363440106085866,6.354261898994445,8.734532527923578,20.03006172180176,"Stillwater, OK",466
123419,111699,0.9050389324172128,2.500232458114624,2.985352063179016,4.493758293232077,6.095041751861572,7.333893985748293,33.70600891113281,"Stockton, CA",173
1841,1554,0.844106463878327,2.504186630249023,3.2238901972770693,6.0353706867998635,12.516911220550536,17.399277515411377,25.634010314941406,"Storrs, CT",126
6365,6085,0.9560094265514532,1,3.1885943889617923,5.01565461002027,7.267620849609376,8.963839073181143,12.9764404296875,"Stoughton, WI",110
5733,4476,0.7807430664573521,2.5005054473876953,2.989459037780762,4.65675985173949,7.167170166969299,10.014146327972414,21.50605010986328,"Sturgeon Bay, WI",113
74164,65994,0.8898387357747695,2.500162363052368,2.8648153185844416,4.714802488871161,7.033107614517212,9.54960196495056,31.180561065673828,"Syracuse, NY",1376
76015,66471,0.8744458330592646,3,3.2724157571792603,5.548248465908284,10.279617309570313,13.89514951705933,24.03777503967285,"Tallahassee, FL",1339
962714,820085,0.8518469659732797,1.79726819624193e-4,1.789577889442444,3.9917880603115736,6.519969463348385,8.914001770019539,36.22426223754883,"Tampa--St. Petersburg, FL",5329
175534,135604,0.7725227021545683,2.5000646114349365,2.895321619510651,4.601351994259695,6.063270998001098,6.817591972351075,31.4708309173584,"Temecula--Murrieta--Menifee, CA",480
48278,38442,0.7962633083392021,2.5006682872772217,2.9724595546722417,4.7141074442998665,6.830960059165953,8.886599302291842,32.59893798828125,"Temple, TX",262
37782,31900,0.8443173998200201,2.5002191066741943,2.7181729078292847,4.290426202956412,6.525696587562561,8.887348775863632,31.083036422729492,"Terre Haute, IN",249
35262,29583,0.8389484430832057,2.500089406967163,2.758795738220215,4.369870793709418,7.0874554634094205,9.948426990509034,29.713428497314453,"Texarkana, TX--AR",108
100877,75734,0.7507558710112315,3,3.206603145599365,4.5658614931924575,5.926363229751587,7.279939951896651,16.583194732666016,"The Villages--Lady Lake, FL",690
149996,147247,0.9816728446091896,1.881821663118899e-4,0.7485469639301301,4.809677536303699,8.760265541076658,12.93371561050418,32.17263412475586,"The Woodlands--Conroe, TX",763
66091,61596,0.9319877139096094,0.00130951753817498,2.88384747505188,4.591237595781098,6.252196669578552,7.594450354576112,29.998703002929688,"Thousand Oaks, CA",753
234616,229440,0.9779384185221808,1.6088809934444726e-4,2.1431247353553773,4.437040734112466,6.828590559959407,8.838148584365825,35.43489456176758,"Toledo, OH--MI",1159
65983,56917,0.8626009729778883,2.500183582305908,2.815406084060669,4.566585778251754,7.219006729125976,9.977028312683098,34.52924728393555,"Topeka, KS",297
26480,23235,0.8774546827794562,0.03907496109604835,2.835241508483887,4.67811929907851,7.092042541503906,8.880340671539306,21.02747344970703,"Traverse City--Garfield, MI",552
96315,83930,0.8714115143020298,3,3.2476418018341064,4.81522082810065,6.849165964126588,9.061244382858302,25.41651153564453,"Trenton, NJ",700
10426,9863,0.946000383656244,2.5013227462768555,3.023227143287659,4.678312761479261,6.374576616287231,7.470178318023676,13.06151008605957,"Truckee, CA",145
331623,277894,0.8379816840207103,1.290322543354705e-4,2.697640264034271,3.935624745552035,5.643542289733887,7.489725508689889,35.65056610107422,"Tucson, AZ",4256
283797,234831,0.8274611782365564,2.50000262260437,2.7458595037460327,4.1410243713778225,6.127504110336304,8.613909244537355,37.761348724365234,"Tulsa, OK",1167
49449,42340,0.8562357176080406,2.500002861022949,2.894869315624237,4.628641466864675,7.3940110206604,10.31330668449402,24.04088020324707,"Tuscaloosa, AL",333
2631,2484,0.9441277080957812,3,3.524613273143768,5.613891875110387,8.161712789535521,9.984332141876228,15.903642654418944,"Tybee Island, GA",175
53837,53455,0.9929045080520832,4.431249180925079e-5,1.4287869215011595,3.7694553673013673,6.6342727661132805,9.866344661712631,30.392541885375977,"Tyler, TX",130
43368,36850,0.8497048515034127,2.500101327896118,2.7594572544097904,4.360709132682355,6.47798569202423,8.70810716629029,27.773923873901367,"Utica, NY",257
27315,21336,0.7811092806150467,3,3.1464503407478333,4.82873831698856,8.391430616378784,13.192059612274202,23.53519630432129,"Valdosta, GA",255
56461,52696,0.9333168027488,2.5000481605529785,3.0823591351509094,4.7052833374215854,6.391891241073608,7.978016400337226,25.75408935546875,"Vallejo, CA",178
19507,17463,0.8952171015532886,2.500075340270996,2.971210503578186,4.772497746977604,6.9378613471984805,8.906966686248785,21.299535751342773,"Valparaiso--Shorewood Forest, IN",180
3872,3872,1,0.38282647728919983,3.1898367285728453,4.842528272381683,6.2157926797866825,7.102062215805054,9.447749137878418,"Village of Oak Creek (Big Park), AZ",138
9531,8045,0.844087713776099,3,3.3308300971984863,5.632078381041105,9.26392784118652,12.278200111389156,18.96086311340332,"Vineyard Haven--Edgartown--Oak Bluffs, MA",302
440443,426278,0.96783919826175,1.808808883652091e-4,2.630945205688477,4.915417583175122,7.692169308662413,10.574528293609612,33.167423248291016,"Virginia Beach--Norfolk, VA",3888
72154,61628,0.8541175818388447,2.500185489654541,2.8708005428314207,4.585456588119413,7.047581791877736,9.94843973159788,34.47856521606445,"Waco, TX",321
4196,4186,0.9976167778836988,0.00235610897652804,1.792122930288315,4.013647188604217,6.321999430656433,7.939703369140623,15.99818515777588,"Waldport, OR",164
23331,18906,0.8103381766748103,2.5000438690185547,2.731140911579132,4.139304499619602,6.05569851398468,7.847234296798707,15.656517028808594,"Walla Walla, WA--OR",198
60276,59471,0.9866447674032782,1.8556318536866456e-4,1.4280612468719482,3.946120514628365,6.677846908569336,10.21310119628908,22.65524101257324,"Warner Robins, GA",108
8409,8402,0.9991675585682008,0.0018218623008579,2.6455612778663635,5.041039317100226,7.128051733970642,9.38817802429199,16.086700439453125,"Warrenton--New Baltimore, VA",174
944607,942759,0.998043630843303,6.931448297109455e-5,2.800517129898071,5.312984790053405,7.947411441802978,10.743021106719972,39.22380447387695,"Washington--Arlington, DC--VA--MD",12449
59259,58775,0.9918324642670312,0.00236127502284944,2.190526843070984,4.5855385335894185,7.153079509735106,9.503215999603276,26.112146377563477,"Waterbury, CT",205
56368,45671,0.8102292080613114,2.5002267360687256,2.698943853378296,4.357398076497092,6.89207124710083,9.117772960662853,26.14865493774414,"Waterloo, IA",152
17834,14786,0.8290905012896714,2.500270366668701,2.8572659492492676,4.614778657187213,6.5790114402771,8.492423105239865,23.59797477722168,"Watertown, NY",221
9986,9937,0.9950931303825356,7.103281677700579e-4,1.845613217353821,3.883961312064289,5.9498907089233395,7.499011268615716,13.986882209777832,"Watertown, WI",103
11173,9667,0.8652107759778036,2.5014467239379883,2.830844831466675,4.821149404778702,7.561435747146601,10.24539196014405,24.283266067504883,"Waterville, ME",149
17054,15371,0.9013134748446112,2.5000367164611816,2.8176454305648804,4.3372145275638125,6.277786731719971,7.593828868865968,19.15935707092285,"Watsonville, CA",122
38165,32079,0.8405345211581292,2.500149965286255,2.698148107528686,3.973963290751175,5.9667871475219725,8.386772499084481,28.20130920410156,"Wausau, WI",392
16110,13034,0.8090626939788951,2.500640630722046,2.765404260158539,4.829332367781574,8.79486961364746,13.9867617225647,24.33345413208008,"Waynesville, NC",203
34377,27739,0.8069057800273438,2.5004994869232178,2.7386624097824095,4.060203154724219,5.754386615753173,7.03115149497985,25.796018600463867,"Wenatchee, WA",213
17133,15960,0.9315356329889688,2.503066062927246,3.1442714810371397,5.000709219698918,6.860511207580566,8.194689922332763,21.942222595214844,"Westerly, RI--CT",271
13596,11566,0.8506913798175935,3,3.25002121925354,4.729133798489413,6.597238779067993,9.299987649917613,20.10997009277344,"Westminster, MD",161
44352,34568,0.7794011544011544,2.500112533569336,2.707455885410309,3.9606548021910672,5.871211934089661,8.00503535270693,28.654979705810547,"Wichita Falls, TX",141
205686,180506,0.877580389525782,2.500040292739868,2.8397296667099,4.466907285450476,6.355339050292969,8.324590730667124,35.74113845825195,"Wichita, KS",672
29860,21433,0.7177829872739451,3,3.1957057952880863,5.778768334404084,11.042020988464351,14.453688468933104,22.59646224975586,"Williamsburg, VA",823
24688,20176,0.8172391445236552,2.500102996826172,2.7215784192085266,4.333434484822234,6.384996056556702,8.103718996047974,20.69793701171875,"Williamsport, PA",108
107812,106804,0.9906503914221052,1.7015484627336264e-4,2.2299984574317935,4.8741453952376075,7.357529377937313,10.22093870162964,32.49668502807617,"Wilmington, NC",1112
28798,23557,0.8180081950135426,3,3.2509111881256105,4.805685621563524,6.580379486083985,8.39133071899413,24.34690284729004,"Winchester, VA",214
167576,144118,0.8600157540459255,2.5000689029693604,2.9420947790145875,4.878079643568334,7.681629323959348,11.048349618911605,30.307537078857425,"Winston-Salem, NC",1203
9400,9229,0.981808510638298,3.3886817982420325e-4,1.2655111074447634,3.8495512606977633,5.9506913185119625,7.557737636566157,20.033647537231445,"Woodburn, OR",161
19974,16842,0.8431961550015019,2.5003843307495117,2.9264675617218017,4.387777770659856,6.145713877677914,7.632858285903932,28.2259521484375,"Woodland, CA",109
12996,9816,0.7553093259464451,2.5005040168762207,2.9845264554023743,4.511150650261084,7.428416967391968,10.884222698211705,19.051176071166992,"Wooster, OH",124
139893,129942,0.9288670626836224,2.5000479221343994,3.145684313774109,4.9689537917950615,7.20386049747467,9.20985164642333,25.18649101257324,"Worcester, MA--CT",1474
56794,47888,0.8431876606683805,2.5001001358032227,2.7518260002136232,4.11004979977172,5.954867053031922,7.79802743434905,24.467308044433594,"Yakima, WA",160
80026,65456,0.8179341713942968,3,3.1934527158737183,4.667810395152375,6.7163405418396,9.794358634948718,26.290283203125,"York, PA",375
170048,144621,0.85047163153933,2.50002121925354,2.815638780593872,4.358633517777176,6.671462535858154,8.91846485137939,27.255760192871097,"Youngstown, OH",303
