"city","model","aic","r2","dev_expl","built_estimate","built_std_error","built_p_value","mean_h_estimate","mean_h_std_error","mean_h_p_value","weight_normalized"
"Akron, OH","Model6",57570.4508107638,0.256869469516362,0.210320567051063,-0.724243540083606,0.0430074264916734,9.13220605280818e-63,NA,NA,NA,0.571218677703582
"Albany, OR","Model2",6305.75029744912,0.505854840958727,0.43531437986507,-1.30516316588332,0.226652028727325,1.09117110125767e-08,0.19431593320193,0.0613072649895537,0.00156749162333035,0.607887642875325
"Albany--Schenectady, NY","Model5",96336.1536725262,0.331602784674874,0.247815163396038,NA,NA,NA,-0.042244543997167,0.00569399268702208,1.23574581931941e-13,0.744018717962907
"Alexandria, MN","Model6",2038.61627767249,0.425900537819946,0.469593914351584,-38.945576979967,21.6086763991814,0.0723806110362434,NA,NA,NA,0.390384900077948
"Alton, IL","Model7",10145.2775263082,0.60223985474482,0.50888183250819,0.274221339373009,0.325450404712028,0.399586528240889,-0.0495523317175672,0.0662489431667732,0.454589752500865,0.17011853052263
"Ames, IA","Model1",6320.6930681793,0.283321585613837,0.245478123456167,0.210267757489199,0.248283666551474,0.397243969826859,NA,NA,NA,0.31025777939427
"Anacortes, WA","Model7",6081.76319761547,0.363519767536479,0.350317009435972,-1.16718326203163,0.193201666833371,2.12168712322866e-09,-0.129323944833185,0.0561865773555954,0.0215482564475481,0.633770613013069
"Anderson, IN","Model7",13201.2369277979,0.693788749135301,0.637881453859654,-1.27729574545755,0.152359492694613,8.19939920089279e-17,-0.287392542248188,0.0494447482582544,6.88865003928753e-09,0.996987534496718
"Ann Arbor, MI","Model7",78659.2205908175,0.197483102773714,0.162099675658592,-0.543450796993097,0.0356585729561222,5.07883257428351e-52,-0.0484867293310015,0.00462502226044068,1.28431738094361e-25,0.876867769328918
"Aransas Pass--Port Aransas--Ingleside, TX","Model6",11475.4774460406,0.201771132733515,0.188477149844206,-0.323074113652568,0.182917895641171,0.0775091642636911,NA,NA,NA,0.296015648038589
"Arcata, CA","Model2",7960.54298183293,0.579790535449924,0.496206560839882,0.802211418344639,0.17295997583184,3.85661702847912e-06,0.0963351707772128,0.0490719541507177,0.0498347809885191,0.445931394066797
"Aspen, CO","Model4",7945.56100829522,0.242312712090158,0.190020558047059,NA,NA,NA,NA,NA,NA,0.476011089253952
"Astoria, OR","Model6",4808.77098330183,0.390531348012031,0.396491421997107,-0.914737703347223,0.331064080944182,0.0058534059093815,NA,NA,NA,0.464165584681387
"Athens, OH","Model7",11813.1845419728,0.335278569832871,0.278275792591008,-0.498180551777021,0.16723795135604,0.00292925544723719,0.117651809803807,0.0407183208146525,0.00390282850709276,0.854320876251805
"Augusta, ME","Model2",7331.23026853718,0.282220891879175,0.267657284105695,0.809609720945639,0.170387438693773,2.23176628513574e-06,-0.0661496696450914,0.0279728126500242,0.0181799826779368,0.362252006233145
"Bandon, OR","Model4",1961.35996806971,0.145251807944501,0.180888860774162,NA,NA,NA,NA,NA,NA,0.365600947086719
"Bangor, ME","Model7",20544.012676721,0.242710946835036,0.248719183800804,-5.47513776486383,0.757946837758612,6.05158337942596e-13,-0.0459640171364271,0.0126193006264651,0.000273645646085829,0.780813857211517
"Barre--Montpelier, VT","Model2",15411.1604378816,0.285863349808077,0.287523631883158,2.47340901306152,0.58317748625909,2.29920712282428e-05,-0.251785078789264,0.0430106979559892,5.39269381203369e-09,0.574236230084152
"Baton Rouge, LA","Model7",60608.8994079138,0.444581350963616,0.352082733630542,-0.1538445073131,0.046610975535997,0.000968173197313789,-0.0313763011282214,0.00895151563108606,0.00045838966660617,0.941114762768533
"Battle Creek, MI","Model3",12800.3052919362,0.296524805464473,0.279190244392108,NA,NA,NA,-0.0658012431625481,0.0193768914289126,0.000696779449213057,0.318951881903168
"Bayside Gardens--Manzanita, OR","Model3",4284.9888624644,0.365818701531481,0.332477138428183,NA,NA,NA,-0.01540507138513,0.173096586096858,0.929109880805722,0.492018081321719
"Belfast, ME","Model3",2533.50349707562,0.161138335931691,0.155006102077156,NA,NA,NA,-0.226655421161889,0.0817253102983479,0.00576976799083069,0.427372646115952
"Bellingham, WA","Model7",34588.2759960105,0.398519318643149,0.323602081857306,-0.206149615072297,0.0869109109428104,0.0177215129113226,0.031381106175191,0.0161924269152483,0.052663269645147,0.53740640391185
"Bemidji, MN","Model4",1552.30678986304,0.157415690619273,0.16363720005046,NA,NA,NA,NA,NA,NA,0.388477980100332
"Bend, OR","Model6",17756.5160942152,0.244479023565361,0.22340523129898,-0.6733703412867,0.140387990403919,1.68604298247252e-06,NA,NA,NA,0.705225775675244
"Benton Harbor--Lincoln--St. Joseph, MI","Model7",10848.4916542759,0.237474707115029,0.198126478456722,-0.37381314062278,0.156314113492287,0.0168812212615236,-0.0570946741221679,0.0200778740278398,0.00450817121169215,0.75404959166563
"Billings, MT","Model6",11338.588771866,0.546999388847281,0.51030593176419,-0.378146037091205,0.121708995534493,0.00191599951743592,NA,NA,NA,0.3679832985614
"Binghamton, NY","Model1",29518.8587221603,0.361852972818522,0.266942584745963,-0.553418099765544,0.0690746754337601,1.3745605957449e-15,NA,NA,NA,0.490059328219629
"Birch Bay, WA","Model6",2574.41717346784,0.272800155812034,0.300293822540872,0.848914280694841,0.34527536870984,0.0143687494384467,NA,NA,NA,0.635643241591427
"Blacksburg--Christiansburg, VA","Model5",23851.6802931485,0.300385801269667,0.213978181212128,NA,NA,NA,-0.073566273265168,0.0152728131290587,1.51116254646502e-06,0.569890482201476
"Bloomington, IN","Model6",22139.466585803,0.296056146313074,0.238268818426373,-0.517454507542118,0.144564570162243,0.000348850322185206,NA,NA,NA,0.679880126264536
"Bloomington--Normal, IL","Model5",8107.45418185478,0.35945031966845,0.309965471605627,NA,NA,NA,-0.0478068721962979,0.0183079732005692,0.00911570908718999,0.645368190698806
"Boise City, ID","Model4",44829.5857511542,0.257928490937763,0.217305461144722,NA,NA,NA,NA,NA,NA,0.405950782957733
"Boothbay Harbor, ME","Model4",6860.83359603706,0.333247411314993,0.282041970673399,NA,NA,NA,NA,NA,NA,0.387735962942382
"Bozeman, MT","Model7",16186.4599132302,0.220473021988729,0.190838050245474,-1.1024481165348,0.118728347864258,3.02676224341972e-20,-0.0136049256678093,0.00663468332465182,0.0403962364046368,0.78600069298533
"Brattleboro, VT","Model3",7521.82754863978,0.39411586319218,0.354332306233504,NA,NA,NA,-0.103921686866987,0.0774255099002856,0.179729394415319,0.22080893438897
"Breckenridge, CO","Model1",1094.70391362973,0.30342940652563,0.316181347284735,-0.695985494262916,0.348122929978877,0.0468332715097788,NA,NA,NA,0.290586699899868
"Bremerton, WA","Model7",54551.3079286717,0.340407899051975,0.273867569087888,-0.220103691628409,0.0588837254748582,0.00018660891802639,-0.107616344745205,0.0149978519598898,7.73840284620608e-13,0.989988245930453
"Bridgeport--Stamford, CT--NY","Model7",145367.305561824,0.286051146072752,0.238641581251791,-0.762785632118602,0.0331804609645019,1.00840797738316e-115,0.0136882873950722,0.00492029176991857,0.00540651456576984,0.911964583219537
"Brunswick, ME","Model6",11600.5047174656,0.296715328473775,0.276310324219538,0.205979858747744,0.143304630338019,0.150767593477358,NA,NA,NA,0.408786819711173
"Buffalo, NY","Model6",91681.1966854501,0.290917878247109,0.235812907471785,-0.671990821513381,0.035225272245554,2.90084431231932e-80,NA,NA,NA,0.714299491346356
"Burlington, VT","Model7",49945.2802294897,0.318253941559253,0.259615936801705,-8.81947766288596,2.06136843320386,1.90049209115664e-05,-0.0175578187598901,0.0122133121500375,0.15058164041113,0.561121820183617
"Canandaigua, NY","Model1",13467.1597637274,0.359782452152125,0.339018218497099,-0.745209117418748,0.170557694469889,1.29994915274582e-05,NA,NA,NA,0.406484478030061
"Canton, OH","Model7",19176.3132650902,0.362730597705616,0.299322342439624,-0.498174357608791,0.0988383190549403,4.89748064612009e-07,0.0285337420981066,0.0203097979823738,0.160137418475389,0.574087096631734
"Cape Girardeau, MO--IL","Model1",5794.3808478161,0.500960132883984,0.534157550404731,-0.503705722802685,0.385094636856909,0.1911970294653,NA,NA,NA,0.257198192961433
"Carbondale, IL","Model5",6932.75280976849,0.309044990688513,0.314328954854291,NA,NA,NA,0.104803932938257,0.0593869646495568,0.0778679420905357,0.292008069527948
"Castle Rock, CO","Model6",2942.72922478108,0.444457229508408,0.441484706363552,-1.10906458876554,0.321692248849813,0.000611689276370715,NA,NA,NA,0.482897505406051
"Catskill, NY","Model4",7772.62283918476,0.353871264656006,0.308611337238315,NA,NA,NA,NA,NA,NA,0.188731251486545
"Cedar Rapids, IA","Model1",19060.2853809154,0.513515521058197,0.458835708051601,-0.885600626606891,0.121333325760775,3.6182990569832e-13,NA,NA,NA,0.515451059775579
"Centralia, WA","Model5",3570.23354668103,0.644424811601261,0.542727852892663,NA,NA,NA,0.0701661739126698,0.0613730001197726,0.253356832628508,0.404279504457366
"Champaign, IL","Model6",40114.5631924376,0.423708311914108,0.395275407397725,-0.312213314165319,0.0759502169035102,3.98715052008518e-05,NA,NA,NA,0.598473419650257
"Charleston, WV","Model2",13308.3778850252,0.28889180675488,0.240453032386736,-0.676574639584236,0.12725171783575,1.15861797004392e-07,0.0267837860964892,0.0193942892028249,0.167409684494543,0.390029475515675
"Cheyenne, WY","Model7",3799.59982727605,0.356202003713413,0.292355311430538,-3.70844319925913,1.21151986899891,0.0022812069815562,-0.198094448524589,0.0828922317284638,0.0170931007906556,0.439320541842232
"Chico, CA","Model5",15251.7659686487,0.397033264110055,0.413731379505473,NA,NA,NA,0.105426999411243,0.0465454701201058,0.0235889879638183,0.440105703432696
"College Station--Bryan, TX","Model6",41333.7277625124,0.330490647914843,0.311380663773637,-0.177897073086969,0.0817008249610965,0.0294803808459783,NA,NA,NA,0.511596913609092
"Colorado Springs, CO","Model2",76485.1776142811,0.434167729551747,0.350283233478322,-1.0799041648939,0.0508664884697286,1.95064535634147e-98,-0.0585305326596455,0.0109687288436067,9.64709747256598e-08,0.725964459006672
"Columbia, MO","Model5",53318.9514149251,0.335718861787981,0.250118863219189,NA,NA,NA,0.0687895597705259,0.0156299311880566,1.08949894752256e-05,0.729111468655157
"Concord, NH","Model1",8726.44352415618,0.370031368812345,0.306628861461241,-0.42827809982244,0.25202120185078,0.0894544284289611,NA,NA,NA,0.284075913509898
"Coos Bay, OR","Model5",2043.79817498936,0.447623379219569,0.496962298004661,NA,NA,NA,0.381637310535349,0.111064485392136,0.00066402989562546,0.893332595873653
"Corpus Christi, TX","Model7",40636.4484148106,0.241462504066251,0.241553879641711,-0.333706228870996,0.0833739648364248,6.33639573566658e-05,-0.0999632831160356,0.0106244148568655,6.79872298632973e-21,0.993171469400337
"Corvallis, OR","Model1",81018.9566061022,0.201734830617373,0.152609685355992,-1.10656846526968,0.0717423272778619,2.99395729626226e-53,NA,NA,NA,0.47661676899819
"Cumberland, MD--WV--PA","Model1",7234.13885821647,0.251347987454128,0.212421930073714,-1.10683926408241,0.202250262130069,5.36322737534091e-08,NA,NA,NA,0.51317088898815
"Danbury, CT--NY","Model7",26461.5564664384,0.357748315024611,0.291848552257204,0.682500187083787,0.15614416651135,1.2653269245608e-05,-0.1500408994127,0.0167906171224259,5.80832783929143e-19,0.834122508472422
"Davenport, IA--IL","Model3",14360.426010567,0.311239524149335,0.256393887531247,NA,NA,NA,-0.0211247327338233,0.0152652828327999,0.166531443793631,0.217913121512007
"Davis, CA","Model6",21885.4298507465,0.278979063672877,0.252780045811196,-0.62065229462549,0.179000131800283,0.000531319339356795,NA,NA,NA,0.718656572688
"Daytona Beach--Palm Coast--Port Orange, FL","Model7",36317.9231979023,0.585794585188649,0.419073098528582,-0.387429573089366,0.0618907762927339,4.10737040224835e-10,-0.0262545273622436,0.00656248374235941,6.38826811932157e-05,0.997552532694956
"DeKalb, IL","Model4",2383.19460142472,0.325796177104,0.275159018831193,NA,NA,NA,NA,NA,NA,0.381071158188401
"Decatur, IL","Model3",2114.93848642457,0.390234613180489,0.355757694997334,NA,NA,NA,0.141143484632061,0.0495224888750633,0.00463242217304941,0.342011180495538
"Denton--Lewisville, TX","Model6",20437.8540649827,0.306086090727786,0.270768617636866,-0.279846374315219,0.106408114554933,0.00857640109339912,NA,NA,NA,0.460697164210995
"Des Moines, IA","Model2",20209.0390649983,0.404173697439056,0.331896178508674,-0.430447815438597,0.104835148099305,4.11631323986849e-05,-0.0937440908567037,0.0135675270692015,5.73249524491777e-12,0.727629961459962
"Detroit Lakes, MN","Model2",4428.47534155092,0.216998045278266,0.205148230798318,69.3799591560884,29.7063843760518,0.019768153495469,-0.349750286073521,0.169390639928146,0.0392754001802096,0.486543658410225
"Dover--Rochester, NH--ME","Model6",25365.9751400977,0.318576024210519,0.266050243375643,-19.4841175445288,3.00609206262557,9.87162504205113e-11,NA,NA,NA,0.71039155945343
"Dubuque, IA--IL","Model1",3070.98679950206,0.202828636635729,0.194599420860372,37.841963439784,23.3334057129071,0.105421609556382,NA,NA,NA,0.274004196430703
"Duluth, MN--WI","Model7",34397.741352035,0.365984914790598,0.340135938904069,-3.59361148311337,1.23311243179389,0.00357779123727111,-0.061147214629093,0.00955716485277166,1.68616079635916e-10,0.871526799612093
"Durango, CO","Model3",6452.04941274542,0.335911412240808,0.253879795612285,NA,NA,NA,0.194503824919816,0.0893948463946744,0.029785434274682,0.294439336648752
"Durham, NH","Model1",2422.27382075537,0.248245542751562,0.262739220666939,-23.4714840000592,13.2370247081558,0.0768927378627501,NA,NA,NA,0.312997819291485
"East Hampton North--Springs--Northwest Harbor, NY","Model3",8003.01599129986,0.228582322765811,0.20081026177087,NA,NA,NA,0.0374238305122269,0.0279579529812482,0.180935861362134,0.201389133117869
"Eau Claire, WI","Model4",12650.6910199107,0.249160424584863,0.221997038138899,NA,NA,NA,NA,NA,NA,0.375308543554707
"El Paso de Robles (Paso Robles)--Atascadero, CA","Model6",10166.0884967109,0.489219890801645,0.362041537879212,-0.774616534991206,0.173067445400062,8.17202751631222e-06,NA,NA,NA,0.451481403027213
"El Paso, TX--NM","Model2",26522.7090859687,0.44357301655496,0.392595994567804,-0.224657694356997,0.0946656944258617,0.017678441321231,-0.0363473972040009,0.00779859235004151,3.24251602516508e-06,0.384769912037711
"Elkhart, IN--MI","Model7",19271.6139746784,0.384476674178902,0.328911865788874,-0.279779705394601,0.0698894299499102,6.38271495794814e-05,-0.037724139204455,0.0238692913221686,0.114097309915504,0.519847686631656
"Elmira, NY","Model1",14307.6201764234,0.177827220036346,0.166831545586108,-0.987735700419618,0.163934153164196,1.92330086465316e-09,NA,NA,NA,0.4163309469939
"Erie, PA","Model6",33011.501357545,0.238448753893533,0.200783560790415,0.444903880533,0.143439558539552,0.00193362449740692,NA,NA,NA,0.716022696540998
"Estes Park, CO","Model1",9950.83256088305,0.389699734858333,0.378876661388925,-0.602649379130887,0.186380385416057,0.00124348358381629,NA,NA,NA,0.553561549240193
"Eugene, OR","Model7",215273.999169152,0.365675003007182,0.273268602462062,-0.611509626711717,0.0494940998662866,5.20486845877268e-35,-0.0677738306729106,0.00851127358631291,1.7206482859463e-15,0.999999999999633
"Eureka, CA","Model6",10673.2759102906,0.355782294883891,0.285061780826314,-1.02739955850518,0.332848239648083,0.00205475124793026,NA,NA,NA,0.549225615667236
"Evansville, IN","Model6",36043.1934405077,0.425448283104693,0.374406460338022,-0.269569841912657,0.0842742502155526,0.00138749681108509,NA,NA,NA,0.41236671680047
"Exeter, NH","Model4",2271.92920712779,0.400807987029302,0.415053353036358,NA,NA,NA,NA,NA,NA,0.31085552175223
"Fayetteville--Springdale--Rogers, AR--MO","Model6",32672.839775355,0.332337577388937,0.249859356871627,0.87773886901915,0.0950901179478951,3.77777538882294e-20,NA,NA,NA,0.596360657931502
"Fenton, MI","Model6",4703.63242174812,0.336390599585004,0.38914197516304,-0.175770765584563,0.209752957340818,0.402281329053389,NA,NA,NA,0.37858241587346
"Findlay, OH","Model1",4395.55573084504,0.412465200612091,0.354797502339638,-0.917616553818708,0.271980354483372,0.000780383697543223,NA,NA,NA,0.359643500489843
"Flint, MI","Model7",9579.32106620958,0.342508370590717,0.277459231053066,-0.542790043399893,0.174562501546808,0.001908362623433,-0.0860177844573989,0.0263235114923363,0.00110774844784052,0.909511320623048
"Florence, OR","Model3",4314.93076172097,0.330733376212877,0.280415218303247,NA,NA,NA,-0.0652317431510519,0.109015356986483,0.549782389013898,0.310050340806225
"Fond du Lac, WI","Model3",7088.07356713873,0.421206644824592,0.33953941511927,NA,NA,NA,-0.0670582732525562,0.0405729747581705,0.0986370874352903,0.298471306022634
"Fort Collins, CO","Model2",69397.6181642636,0.318165469367947,0.243587928477733,-1.03495906805138,0.0331637299838935,2.223722923219e-206,-0.0194105430729163,0.00863494204347814,0.0245985123290952,0.416368817224157
"Fort Smith, AR--OK","Model5",4976.99517541053,0.454187109892697,0.39516712408491,NA,NA,NA,0.145089222581129,0.0474861905766625,0.00231582892632177,0.485619531601102
"Fort Wayne, IN","Model7",11974.7657143191,0.249813419868515,0.240463761730896,-0.826263676828697,0.115720264310703,1.286773154317e-12,-0.0747781643071664,0.0261222767153236,0.00424399718317106,0.80650374577339
"Frankfort, MI","Model4",2982.47892151835,0.426048544281036,0.396703844699371,NA,NA,NA,NA,NA,NA,0.546334053352829
"Fraser, CO","Model1",1055.41272506259,0.400105574019317,0.388345153090855,-0.963939029660729,0.471286348020279,0.0421425333694286,NA,NA,NA,0.260570941082793
"Freeland, WA","Model6",5472.43535701032,0.291116958038919,0.298646103257651,1.05917084470009,0.460373492758023,0.0216411781211341,NA,NA,NA,0.558857636445475
"Fremont, NE","Model7",16613.1047452302,0.0707681963849942,0.0747839000041742,-4.41308030344869,1.62869633190917,0.00677266268027506,-0.502258010304889,0.136827726595343,0.000245791970212883,0.931428965005577
"Galveston--Texas City, TX","Model7",26559.5088121762,0.235369593019733,0.270353977646387,-0.945797238986529,0.105299538854516,3.74225430742776e-19,0.0142494840945809,0.0070749360823893,0.0440565373090664,0.817985030474973
"Geneva, NY","Model3",7284.57824113705,0.245705728134507,0.20483408674407,NA,NA,NA,0.0317542883361971,0.0305339104241385,0.298555273266078,0.442882178939165
"Glens Falls, NY","Model7",4316.705866567,0.239812642367907,0.218134058541665,1.36900648891209,1.12279943475194,0.223113392572094,-0.114480802143582,0.0457597154124087,0.0125645397111495,0.324584848591469
"Glenwood Springs, CO","Model4",1505.7698152512,0.249840784496447,0.279564103560598,NA,NA,NA,NA,NA,NA,0.398706505327955
"Grafton--Port Washington--Cedarburg, WI","Model7",17902.0573531552,0.371179855135472,0.27596285276384,-0.529853653721774,0.243872391654122,0.0298807001197974,-0.151507211161892,0.0496171352537046,0.00228085955009378,0.326908596653543
"Grand Forks, ND--MN","Model3",26429.2888817001,0.495284960777946,0.459063617066152,NA,NA,NA,-0.109417873009804,0.0393988363720429,0.00550306685581432,0.342780253706744
"Grand Rapids, MI","Model7",66966.5893815778,0.220713307659797,0.18385210510839,-0.749135692131336,0.0471030297831147,2.17165510836312e-56,-0.0476736568303088,0.00655969852130615,3.87970293701594e-13,0.761767406764462
"Grants Pass, OR","Model3",11787.6061759378,0.674769572815321,0.64032933526843,NA,NA,NA,-0.192799873032974,0.0364677080220353,1.37702567701947e-07,0.471098253475691
"Grass Valley, CA","Model4",2287.86154385121,0.153774139760918,0.175830191283747,NA,NA,NA,NA,NA,NA,0.308731111216398
"Green Bay, WI","Model2",19957.3288307777,0.328569258994538,0.281774810961277,38.3754326629677,7.40836336074888,2.34654541270689e-07,0.0537189146003161,0.0104171490313095,2.65459974499253e-07,0.541331819846632
"Green Valley, AZ","Model7",28474.7173330085,0.597084872944373,0.404798469450385,-0.321233045583962,0.14393752537145,0.0256789465632568,0.0923359971939728,0.0237064252822713,9.95925120570181e-05,0.854772862763374
"Greenfield, MA","Model6",3500.88594013522,0.400595443255192,0.384132329771098,-0.799101898812644,0.359905161867758,0.0267826213358764,NA,NA,NA,0.494268250276644
"Half Moon Bay, CA","Model7",16164.2579262362,0.442779725310554,0.35921218149719,1.15001073194015,0.212536828228936,6.8758772976102e-08,-0.0342018941807481,0.03470026640033,0.324407510095461,0.517206916743942
"Harrisonburg, VA","Model7",12544.0071361385,0.382973077160152,0.302226750541126,-0.458933411147275,0.13464438387045,0.000665725933244624,-0.157406361425712,0.0307090836860346,3.23875673629724e-07,0.986454674294359
"Hartford, CT","Model7",112675.526192002,0.320373229505022,0.301741256507304,-0.494398906121388,0.0357483771985464,2.55922933202127e-43,-0.0362696049448659,0.00817990892806902,9.2957109711156e-06,0.999140638858354
"Holland, MI","Model7",23183.1320580388,0.300837688347405,0.281054075353407,-1.15295398965332,0.118271150632406,3.21872144080167e-22,-0.0434680519714344,0.0127347037740876,0.000647757713665302,0.986736275475555
"Hood River, OR--WA","Model7",2218.39375628117,0.233832793743438,0.244232895834205,-1.59076653334159,0.43033831536859,0.000251931533654896,0.0798755148671396,0.0609963504873494,0.191180801572171,0.522166205026116
"Hot Springs Village, AR","Model6",13524.340934118,0.329830539400399,0.280785656074931,2.19395027216971,0.426242707659274,2.85962486961865e-07,NA,NA,NA,0.644647409838112
"Houghton--Hancock, MI","Model7",1866.64139662964,0.163872478104815,0.20871254833642,0.326227352590774,0.386283202679083,0.39891072145128,0.0681388929927065,0.091885540180057,0.458815064937395,0.317524115157256
"Houma, LA","Model3",6643.6522519797,0.3783103219028,0.307569180040451,NA,NA,NA,0.156551628566675,0.0288001371669288,6.62356586384111e-08,0.31963867215443
"Huntington, WV--KY--OH","Model7",5098.62201660683,0.272375110769714,0.236491819389228,-0.285472337429915,0.119326645999257,0.0169351373120165,0.0669670194252421,0.0341842306522399,0.0504065117435808,0.345898637670561
"Idaho Falls, ID","Model2",3036.91438613734,0.235514448797852,0.244274584840385,0.773523140455836,0.558067686922194,0.166240360306043,-0.0983121394847244,0.0666900655993814,0.140962920244295,0.341246042456475
"Incline Village, NV--CA","Model1",1902.91979132122,0.273560875942748,0.257141624760018,-4.31498916677246,2.5229256909562,0.0880416438726304,NA,NA,NA,0.317364011760236
"Iowa City, IA","Model2",13591.4503981936,0.239273511910185,0.20636651164689,-0.40903355135844,0.111404592533823,0.000246182889072142,-0.0358841520766837,0.0215616550550843,0.0961887087702348,0.405936626250919
"Ithaca, NY","Model7",111857.161607999,0.236458827967006,0.191153379366109,-0.891336389354279,0.0644366506243882,2.62121446844832e-43,0.049539108852141,0.0113768604683238,1.34144750234714e-05,0.995999909151859
"Jackson, MI","Model3",1800.18882059105,0.35523516919221,0.418417848388553,NA,NA,NA,0.156273827813135,0.0539920095443258,0.00406109402169096,0.368358313984554
"Jackson, MS","Model7",19308.7219762777,0.377525204941635,0.358873175894846,-0.293012615050514,0.157311292103397,0.0626011022498917,0.0856176777742847,0.0243708573766179,0.000448682571948505,0.422459736181669
"Jackson, WY","Model3",2919.15148314778,0.530567380743963,0.476579974434668,NA,NA,NA,-0.183978021633546,0.17699737328699,0.29906360942027,0.355130782413748
"Jamestown, NY","Model6",13880.0611295725,0.364797517260528,0.321835393957116,-1.60414393208528,0.113750287914892,2.22852490920688e-43,NA,NA,NA,0.661567127943171
"Janesville, WI","Model2",4324.39497681697,0.386920165810762,0.319206520514403,-0.914779543343027,0.221462671229392,4.00898019629969e-05,0.0439840981103731,0.0435232047639232,0.312526624099626,0.28529265322758
"Jefferson City, MO","Model4",5936.69425267608,0.223017916346943,0.244815102651599,NA,NA,NA,NA,NA,NA,0.403265215212928
"Kalamazoo, MI","Model2",22389.9864239548,0.555338986986826,0.401244891047371,-1.47357477729655,0.0786855822114991,6.73551163952215e-75,-0.0330711819697583,0.0112041632211319,0.00317992318927753,0.632201940703525
"Keene, NH","Model7",13307.7672269606,0.392335153643883,0.359126163506266,-1.10558085685642,0.222127023483372,6.8815376658642e-07,-0.197831003091456,0.0468638490039332,2.51328663390392e-05,0.97631671762392
"Kenosha, WI","Model6",5482.29867604646,0.605823105779888,0.485787483208689,0.241174029676715,0.193809052027971,0.213666963373682,NA,NA,NA,0.259947632680556
"Kerrville, TX","Model3",14704.6697989786,0.375624495846158,0.302189051631228,NA,NA,NA,0.0299668285848297,0.0426786272626715,0.482645785953678,0.367981297073425
"Ketchum, ID","Model3",1607.33514880177,0.238687440304938,0.300673127105481,NA,NA,NA,-0.460873093744548,0.155052083113843,0.00317983832363017,0.55630133593195
"Kill Devil Hills--Nags Head, NC","Model7",16792.6434949168,0.167260350973288,0.15864090941951,0.26238509866036,0.112235804857956,0.0194646149621351,0.040046479790535,0.0162230395047589,0.0136250762305748,0.719932911613053
"Kingston, NY","Model1",15673.1336195339,0.512820427122952,0.466508753582998,-1.18779304731292,0.163689613734377,5.14749775856474e-13,NA,NA,NA,0.429012940722514
"La Crosse, WI--MN","Model1",7682.57729582964,0.213023817384608,0.196620892068105,26.6676701772779,11.9258971468522,0.0255134999488022,NA,NA,NA,0.515830604125759
"La Grande, OR","Model2",14206.5806061485,0.508448481932077,0.50075083646915,1.16851760420215,0.468106082383164,0.0126016679213407,0.343766510453371,0.0863425056811789,7.00529451149561e-05,0.586398187585285
"Laconia, NH","Model7",3652.631017124,0.333206535366091,0.301164523496666,-0.0130530072844252,0.276178906865799,0.96231828615038,-0.0331857525305832,0.0374842384062335,0.376309541806149,0.312144456193731
"Lafayette, IN","Model1",47286.6404556553,-9.32421950506257,0.364057472344701,-0.563595136503761,0.100233901029353,1.93743382221186e-08,NA,NA,NA,0.404765829239309
"Lafayette, LA","Model5",34249.9627647445,0.682420279891946,0.580593420508423,NA,NA,NA,-0.182951053995954,0.0182209680213508,1.63277475823554e-23,0.70431919344398
"Lake Charles, LA","Model7",7863.65973653591,0.263377308268441,0.247381587701555,0.560279339167056,0.1686961465193,0.000919805058972934,0.0261036967223925,0.0236319129000648,0.269529019003252,0.326902981594708
"Lansing, MI","Model7",33945.9764740368,0.304517990304814,0.242219917825943,-0.707955840651816,0.0758026904360155,1.34888255187992e-20,-0.0617655817692014,0.011269323753003,4.41080902896852e-08,0.999674716317864
"Las Cruces, NM","Model2",8057.02024223566,0.458644269919864,0.349455607714434,0.481373987283365,0.152374144414782,0.00161684352054579,0.098628337974554,0.0309078886718921,0.00144977598349716,0.597283641759443
"Las Vegas--Henderson--Paradise, NV","Model7",35458.3578522313,0.283999236509152,0.274628666637563,-0.181372866497288,0.0963941971761696,0.0599328053596108,-0.0430846981998433,0.00850793511116838,4.20277909316653e-07,0.55558641010487
"Lawrence, KS","Model4",15035.3602209544,0.337341177623235,0.278156747838969,NA,NA,NA,NA,NA,NA,0.410240906034515
"Lebanon, NH--VT","Model7",29352.5357404246,0.356062059000353,0.3141094965811,-1.62482787343352,0.112338188342138,1.49521619292081e-46,0.0863875945129494,0.0171755082349267,5.07073481605103e-07,0.995830619705529
"Leominster--Fitchburg, MA","Model7",4843.94683864143,0.374555764675784,0.305281136158547,-0.494675836613232,0.236362120290241,0.0366506581129424,-0.110860623607237,0.0503452512346842,0.027927412234206,0.296414774643539
"Lewiston, ID--WA","Model4",2058.60922926869,0.346880316781276,0.297100634911012,NA,NA,NA,NA,NA,NA,0.406145165668475
"Lewiston, ME","Model3",7694.09969111812,0.406228715763096,0.295874649803407,NA,NA,NA,-0.0661519875558728,0.030163790224239,0.0284767199301116,0.383396011318941
"Lima, OH","Model3",1803.57494955571,0.209636754756977,0.238127093966244,NA,NA,NA,0.0499451151364523,0.0400679398157389,0.213568123571333,0.217604936898591
"Lincoln Beach, OR","Model4",1789.20335753633,0.16950884479336,0.213605924055483,NA,NA,NA,NA,NA,NA,0.284914836653963
"Lincoln City, OR","Model6",7948.25785422809,0.362881470370568,0.302433372235978,-1.30286692453126,0.315754329724762,3.93713732637984e-05,NA,NA,NA,0.444890934267615
"Lincoln, NE","Model6",28644.3413586397,0.24961568341996,0.219231653683405,-0.43267979239922,0.120692023776973,0.000340150638493345,NA,NA,NA,0.640563448770955
"Little Rock, AR","Model5",63481.5442629914,0.255563389983978,0.207806274076092,NA,NA,NA,-0.0241245186526404,0.00961429107930479,0.0121140955217134,0.583988172058367
"Longview, TX","Model1",1726.76047849401,0.375780200873039,0.373931464973033,-0.798403762484264,0.317972723351958,0.0126187878787302,NA,NA,NA,0.321787096223895
"Lorain--Elyria, OH","Model6",35815.4699676764,0.295748959250664,0.250697237969125,0.352335858836823,0.0827407180714521,2.09114179611945e-05,NA,NA,NA,0.378853004383093
"Lynchburg, VA","Model7",19595.0707949187,0.395944126018006,0.303185991276618,0.836622597105872,0.120941795335972,5.53954044620419e-12,-0.171058844943684,0.0202958454814104,5.25871016603731e-17,0.999999965877225
"Madison, WI","Model6",125023.267730867,0.212536096876151,0.182636382095659,-1.02764583063675,0.405123955925363,0.0111997882096806,NA,NA,NA,0.65197712272314
"Manchester, NH","Model5",10910.2449021447,0.310980718934423,0.248178546819851,NA,NA,NA,0.0341350280612303,0.0168020973653197,0.0423149897840163,0.523784203267895
"Mandeville--Covington, LA","Model2",21259.0345303872,0.525346574302336,0.425597459807314,-0.525723906648971,0.108679484563199,1.37534067540402e-06,-0.189505363396124,0.0215226324112156,2.06592091874475e-18,0.710037694146478
"Manhattan, KS","Model6",13072.9286584122,0.550489074958443,0.485754587683906,0.311554034102457,0.232000397919958,0.179453767538093,NA,NA,NA,0.294492223573049
"Manistee, MI","Model3",2163.71605819444,0.345409114700422,0.340446251010625,NA,NA,NA,-0.0804158332637194,0.0655426978037146,0.220530549885765,0.225395301247776
"Manitowoc, WI","Model5",7163.31590417767,0.387937419411773,0.376666454330358,NA,NA,NA,0.0896159859980465,0.0365574025701808,0.0143611602360408,0.415405270370951
"Mansfield, OH","Model1",7208.5159584365,0.48899011300481,0.407183147092693,-1.88972145649739,0.407814679642199,4.00317202349088e-06,NA,NA,NA,0.840996777568448
"Marysville, WA","Model4",16920.6638669163,0.329650625535266,0.280123431752769,NA,NA,NA,NA,NA,NA,0.310994126354127
"McCall, ID","Model4",2020.11983423633,0.286289856840638,0.30445150199313,NA,NA,NA,NA,NA,NA,0.2621460522299
"McKinleyville, CA","Model5",8598.48417427107,0.492846855248591,0.419444639614411,NA,NA,NA,-0.5708291097115,0.160323770627729,0.000385096522287127,0.378267287636396
"Meadville, PA","Model4",6978.95256866413,0.2611664705426,0.204657410046625,NA,NA,NA,NA,NA,NA,0.242363414239827
"Medford, OR","Model7",22205.1026122065,0.239658133698392,0.207080101590236,-0.340152883549534,0.0761830568610379,8.22429513309514e-06,-0.127123892081302,0.0248441628141772,3.24888793955982e-07,0.999237616265064
"Memphis, TN--MS--AR","Model7",45755.9834567214,0.282663893205699,0.245911650623802,-0.230087816504787,0.064937193112483,0.000397451718737635,-0.011940258224747,0.00581676977658844,0.0401304964438028,0.582050310739216
"Midland, MI","Model7",6550.8272183067,0.510010295153319,0.454521652645556,-1.14293203550075,0.276790181470236,3.90542974583793e-05,-0.162335452321144,0.0472204569997892,0.000607597758247966,0.713401766011417
"Missoula, MT","Model7",33762.1359379279,0.502288473349207,0.424141895652365,-1.00054369107479,0.0827740259578168,3.05617420915908e-33,-0.030374322992839,0.0127339144785266,0.0170965078048537,0.86034633317316
"Modesto, CA","Model2",14945.3732350045,0.425117365789999,0.415648101779109,-0.725823550775803,0.204666745927206,0.000397337283050042,-0.108096833308024,0.0454430573245841,0.0174426394164044,0.503138434859434
"Monroe, LA","Model4",5273.97816325138,0.407597218530647,0.410006641954608,NA,NA,NA,NA,NA,NA,0.382563053417064
"Morehead City--Emerald Isle--Atlantic Beach, NC","Model5",16318.4652514794,0.349360192036726,0.308624785073437,NA,NA,NA,-0.0831682978527308,0.0138374555726006,2.08054632585924e-09,0.530860383265825
"Moscow, ID","Model7",13933.7248190477,0.468644660084444,0.357813722503115,-2.20942661712822,0.351105272716489,3.61093454912505e-10,-0.28812819889392,0.0544120434082594,1.28094966528191e-07,0.998357022540049
"Mount Pleasant, MI","Model2",4867.15297811701,0.335979192336949,0.310458161667878,-1.73645819355247,0.430165973707425,5.87870818560998e-05,-0.116591135771559,0.073962869706443,0.115295096093427,0.27871666472726
"Mount Vernon, WA","Model4",21419.3221937243,0.238232020551135,0.196307325183717,NA,NA,NA,NA,NA,NA,0.300858749042552
"Muskegon--Norton Shores, MI","Model6",25941.4950136254,0.211834244798371,0.194825550353393,0.147078002700031,0.0931182788021854,0.114297977641349,NA,NA,NA,0.418941083308759
"Nacogdoches, TX","Model4",2097.95053632624,0.528333298001377,0.434476551085271,NA,NA,NA,NA,NA,NA,0.305114496167474
"Nampa, ID","Model6",16583.8729829139,0.442974133719581,0.360475385468921,-0.370078388206398,0.136425126636077,0.00671152958208557,NA,NA,NA,0.613487520039449
"Napa, CA","Model3",2424.31623551172,0.329256535380356,0.327295440419733,NA,NA,NA,-0.0189995807780822,0.0442872679870173,0.668155602294482,0.241978582705874
"Nashua, NH--MA","Model6",22562.8539102195,0.231465686721818,0.196904964227818,-1.12642394792361,0.299012848104748,0.000167443157213163,NA,NA,NA,0.621303939835243
"New Bedford, MA","Model7",18313.6433173328,0.455218816694367,0.428293208849005,-1.09490826615815,0.112050312478085,2.97431880090307e-22,-0.113587521759091,0.0346348782870112,0.00105042584202376,0.705022313386711
"New Castle, IN","Model3",3132.03320627233,0.137156441010923,0.140539004384608,NA,NA,NA,0.450175728703228,0.509750193744544,0.377472144964122,0.205560677132893
"New Haven, CT","Model6",82493.0082688351,0.272076471945378,0.243572691106834,0.0787886888920153,0.0404641855211532,0.0515395839304041,NA,NA,NA,0.506660068465249
"Newark, OH","Model7",31230.362878034,0.170696132301803,0.168092144547985,-1.19958681744858,0.175250997939132,8.43755018531508e-12,-0.122570607549311,0.0355374738870416,0.000566558673891258,0.991140093196352
"Newport, OR","Model6",5974.62485526918,0.253951524315465,0.288452278937882,-1.552460031897,0.358504360606985,1.63323285582058e-05,NA,NA,NA,0.639747571276756
"Nice, CA","Model2",5333.90951165996,0.220476554464884,0.157956475521229,1.49008050716224,0.378719864874145,9.19679772135426e-05,0.875524196116033,0.278200481720578,0.00172134253789973,0.453584955981183
"North Windham, ME","Model2",8204.38786818827,0.296252942861314,0.303794308158216,-43.0420868881192,16.1758104967287,0.00788211642234204,0.822040980132979,0.158154723588878,2.31520355972662e-07,0.351523137010879
"Norwich--New London, CT","Model6",30573.6726669955,0.19708090896051,0.162368396859573,-0.366093792943211,0.0614988238320044,2.80868956244486e-09,NA,NA,NA,0.512806999003294
"Oak Harbor, WA","Model5",4639.61105213055,0.436487319683525,0.427593172912349,NA,NA,NA,-0.324531612445791,0.0546345082294271,4.23126622844965e-09,0.404866573132782
"Ogden--Layton, UT","Model3",26689.7658284037,0.296915147095437,0.255692165452997,NA,NA,NA,0.04948586630734,0.0260716242175737,0.0577411792497841,0.274832201430061
"Oklahoma City, OK","Model7",34558.5552100932,0.236868159540974,0.207594671631847,-0.68309093235435,0.0538014372237861,1.76909191649084e-36,0.0641368867019676,0.0103381713759596,5.86700721120586e-10,0.999967099582851
"Olympia--Lacey, WA","Model2",51792.2116652104,0.348883231310926,0.262695415506759,-0.435465160769877,0.0658994140026022,4.11605875842032e-11,-0.0926492804931812,0.0121252170415802,2.37570908980993e-14,0.653998440396077
"Oshkosh, WI","Model3",5789.6641617011,0.177080594112997,0.201362213734929,NA,NA,NA,0.0455392839953015,0.0182546130982604,0.0127591929018032,0.447903626378796
"Oxnard--San Buenaventura (Ventura), CA","Model6",15809.3800533907,0.325190323702507,0.25587587777224,-0.300244254279182,0.101479623108367,0.00311746414790779,NA,NA,NA,0.624423121418534
"Park City--Snyderville, UT","Model1",1523.00085723686,0.339521634235973,0.387195270673701,-1.20619892020026,0.430168283094275,0.00541212918621201,NA,NA,NA,0.446969269192822
"Peoria, IL","Model7",13869.1882824332,0.345464662794097,0.305256866192444,-0.511099809982905,0.116133525381936,1.1246036793149e-05,0.0520296451428794,0.0201595935020888,0.00991324076557114,0.423993307475264
"Petaluma, CA","Model2",10321.116824252,0.390232865500544,0.332388001580223,-1.22813811511257,0.263511857176616,3.38563096747018e-06,-0.212949701847408,0.0428882058031267,7.51652343148602e-07,0.606446121779712
"Phoenix West--Goodyear--Avondale, AZ","Model6",7015.5822503518,0.248915130134708,0.195791155198777,0.182568483217653,0.138240340283356,0.186861937039476,NA,NA,NA,0.400028870461256
"Pittsfield, MA","Model7",24048.8210016093,0.634368703532332,0.503563413252788,-0.66779097996784,0.10599754492015,3.29891693774179e-10,-0.0880401043653493,0.0242033337745532,0.00027876625300126,0.902907459764193
"Plattsburgh, NY","Model6",2706.21822686439,0.19753068932926,0.208802886646648,-5.70876794521749,2.45826293310482,0.0206354059045458,NA,NA,NA,0.448138511857345
"Port Angeles, WA","Model5",18413.7318036701,0.499257424833093,0.37140351201982,NA,NA,NA,0.0520675519793154,0.0322605211333924,0.106635938735913,0.441602677886244
"Port Huron, MI","Model3",18815.497483679,0.42165309491801,0.343215590479185,NA,NA,NA,-0.0208941887984736,0.0155480668601203,0.179094981032384,0.228401457673038
"Port Townsend, WA","Model5",15078.0636950385,0.538241973567983,0.544732354011906,NA,NA,NA,0.136225429803382,0.044383177927482,0.00216329338678901,0.737889855377197
"Portland, ME","Model6",94645.6422605138,0.324332784920063,0.333479494540223,-11.5194850245081,1.80034754011617,1.60868832211136e-10,NA,NA,NA,0.710073958719794
"Portsmouth, NH--ME","Model6",76659.4446188239,0.490991669891392,0.363570943117298,-0.158689336076408,0.0685950591128466,0.0207152465425191,NA,NA,NA,0.601038955984876
"Poughkeepsie--Newburgh, NY","Model5",58571.9605186103,0.307874599940115,0.257460486427648,NA,NA,NA,-0.0337926626586297,0.0120657806819188,0.00510910057877665,0.631977656884871
"Provincetown, MA","Model2",10425.3206595105,0.234231232960134,0.208328057894917,-0.437518084740468,0.28699365052677,0.127580719435983,0.178302766408109,0.070969768890295,0.0120878338659307,0.35842683139749
"Provo--Orem, UT","Model5",25362.4204234731,0.329293352590857,0.280802235341892,NA,NA,NA,-0.0228284222143677,0.0101117541424243,0.0240131573968102,0.550642103716254
"Pueblo, CO","Model4",2778.59366153779,0.629056780794303,0.549564008729526,NA,NA,NA,NA,NA,NA,0.441001697989707
"Pullman, WA","Model5",11211.7756570755,0.489195572788341,0.387432595925625,NA,NA,NA,-0.235604095859333,0.0603061372841556,9.63576939746916e-05,0.499137907894242
"Racine, WI","Model6",11728.184389901,0.217909096220453,0.198973290241828,-0.450672954903533,0.190990947262986,0.0183862731142752,NA,NA,NA,0.242286014811821
"Red Wing, MN","Model2",4222.17086620883,0.431184953241637,0.444394466004613,-1.69033328135786,0.937595334824305,0.071738314754555,-0.122284020617784,0.148419427337938,0.41020357938397,0.45681173429213
"Redding, CA","Model4",25695.4418066434,0.420145276450309,0.345411575192826,NA,NA,NA,NA,NA,NA,0.356097842099176
"Reno, NV--CA","Model2",20361.345001691,0.236057845356934,0.21575644340972,-0.494602803430568,0.0800854932298841,7.3067777540898e-10,-0.0312322108032574,0.0152394969614738,0.0404926166086841,0.450217380805739
"Riverhead--Southold, NY","Model6",27459.8395895926,0.30183642110695,0.261441977077861,-0.383539196056735,0.0850572755350725,6.66294480260268e-06,NA,NA,NA,0.648570849622795
"Roanoke, VA","Model7",20512.1970848084,0.231889600057345,0.249440310381394,-0.192500589275521,0.0949288541183351,0.0426507649736852,0.0889351316849464,0.016402453081948,6.28307876352679e-08,0.752311838975586
"Rochester, NY","Model7",129210.481263401,0.274556228459793,0.224482546866762,-0.427491902767953,0.0344312987128184,2.81028613991093e-35,-0.0137831351475857,0.00579997428499216,0.0174903097082032,0.786127893975619
"Rockaway Beach, OR","Model2",1327.82429607848,0.145392289844574,0.167746140664534,1.13277516772243,0.419736553864322,0.00749923333322321,-0.12842723591862,0.0725170605471431,0.0779451841149638,0.41091961708416
"Rockford, IL","Model1",9172.72973941877,0.387858422678877,0.32086117295899,-0.214461086424864,0.137216175940536,0.118263819424933,NA,NA,NA,0.391326765352209
"Rockland, ME","Model3",2752.55813085797,0.226922659103899,0.233330194771033,NA,NA,NA,0.0741859430819612,0.101388291078961,0.46469752151063,0.397283134180722
"Rockport, TX","Model4",5657.83837895418,0.228132291664336,0.235764479293547,NA,NA,NA,NA,NA,NA,0.338243949089557
"Rome, NY","Model3",2723.78543486303,0.385905606871517,0.321717226328238,NA,NA,NA,-0.172223992204799,0.113308914614533,0.1291673710222,0.295417886081254
"Roseburg, OR","Model7",1592.08141399909,0.291371502991788,0.263743259329809,-0.636291090667615,0.24485412632118,0.00984289192002045,0.0606295303432602,0.0470192408754115,0.198276499699059,0.364761146514097
"Saginaw, MI","Model4",3163.85481025012,0.335589537972839,0.344376511166129,NA,NA,NA,NA,NA,NA,0.260516282799444
"Salem, OR","Model1",33541.7522156042,0.428177078690768,0.33937728791011,-1.30140957215302,0.0914028422378553,3.05848917526709e-45,NA,NA,NA,0.393162835319931
"Salinas, CA","Model5",1658.10810691878,0.535565701810569,0.441202917188973,NA,NA,NA,0.244772496857248,0.110637921121476,0.0276901382934807,0.562436981816397
"Salt Lake City, UT","Model1",103042.696944235,0.374235148309589,0.332825733841415,1.01539738332057,0.0401914415827482,1.53947669157931e-138,NA,NA,NA,0.531914177813339
"San Antonio, TX","Model7",99275.3225729975,0.313887254246739,0.249172466136019,-0.210870426572011,0.041467492692662,3.71117466602184e-07,-0.0439188228692234,0.00431240157021609,2.73294358384902e-24,0.998693785957914
"Sandusky--Port Clinton, OH","Model3",10137.9389525009,0.167694598246035,0.183652767045925,NA,NA,NA,0.0508268021792691,0.0167988583908879,0.00251497348076521,0.452736510920635
"Santa Barbara, CA","Model7",48276.6465756556,0.415362373250895,0.34642996715002,-0.92720143250255,0.056057065915537,1.96774607628924e-60,-0.0647161820272459,0.0112173539035163,8.26303386103375e-09,0.999923596645384
"Santa Clarita, CA","Model1",3654.67557148863,0.433151703368663,0.434955036810008,-1.34170046100386,0.325438649861646,4.20102929210133e-05,NA,NA,NA,0.589778989015813
"Santa Cruz, CA","Model6",96462.2599956191,0.381944149827913,0.265356711290959,-0.21634183214747,0.0354595631667828,1.0784377229237e-09,NA,NA,NA,0.701294325865931
"Santa Maria, CA","Model4",2170.79443329189,0.348880779959917,0.335812192662805,NA,NA,NA,NA,NA,NA,0.443523665773297
"Santa Rosa, CA","Model4",34592.8966486245,0.355471113719159,0.321190939793768,NA,NA,NA,NA,NA,NA,0.490303116906541
"Saratoga Springs, NY","Model7",22737.5253381686,0.398832671083593,0.339183314214385,-0.680975465359163,0.288762505084096,0.0184093604040118,-0.0530994395517564,0.0258045135220876,0.0396785916409762,0.462507804929264
"Scranton, PA","Model7",16782.8687997515,0.359370357571753,0.302885431395243,-0.145994145085539,0.0866193987629754,0.0920063981834585,-0.103496029393282,0.0244861303599154,2.44466663786898e-05,0.706626618940944
"Seaside, OR","Model2",5603.88915427414,0.258840628858067,0.234059294846754,-1.91229508883071,0.670642430542465,0.00444863526454355,-0.134456832073811,0.0982500440857945,0.171481228818074,0.324192065972792
"Seaside--Monterey--Pacific Grove, CA","Model7",47129.8069905753,0.290729937866108,0.250103999696694,-0.817131240106103,0.0669332988162235,5.62822184971603e-34,-0.135794638638124,0.0144687599721314,8.01645782374434e-21,0.726311735812186
"Sebastopol, CA","Model6",2545.7161982351,0.462847882431849,0.379680690994087,2.40945696023329,0.563206062807476,2.3395298552794e-05,NA,NA,NA,0.368898261794263
"Sequim, WA","Model5",28924.2079395372,0.526889463184269,0.483791309252319,NA,NA,NA,-0.195482812540062,0.0317971936478547,8.4670539606625e-10,0.511870153277094
"Sheboygan, WI","Model7",10708.8277242084,0.512170376472469,0.454499953894888,-0.65887438226312,0.234131024474133,0.00494517518023832,-0.234622549492421,0.0449156000712281,1.96206966116007e-07,0.935823851079212
"Shreveport, LA","Model7",7243.4566905789,0.304937954013103,0.242210868738672,0.961229387274925,0.155563738652308,8.81172292425479e-10,-0.0626744446617568,0.0240086580822296,0.00915344407324675,0.684017053016649
"Silverthorne--Keystone, CO","Model1",3160.62051746856,0.1893398906383,0.195521971662291,0.857557494538641,0.372065907398712,0.0215112343859531,NA,NA,NA,0.345296907300803
"Sioux Falls, SD","Model2",6821.52630333966,0.346894579445359,0.33287816068697,-0.29654352395761,0.206045313279492,0.150347811364091,-0.0722938718502254,0.0392410960612419,0.0656754374178095,0.243720843245943
"Sonoma, CA","Model7",4401.60163843239,0.612507214153672,0.521922720215093,1.11491577491125,0.501258871319454,0.026414643198867,-0.312316370214267,0.111099086022953,0.00505862861502726,0.300213660420719
"Sonora--Twain Harte, CA","Model6",5311.72070588327,0.596255267638909,0.496444128258668,0.656598818363617,0.318022916065755,0.0392696498993214,NA,NA,NA,0.514998306628665
"South Lake Tahoe, CA--NV","Model1",2218.38676246293,0.337618417464931,0.410740125726692,-2.22420140886164,0.602576179615826,0.000252915191306846,NA,NA,NA,0.315403275045204
"South Lyon--Hamburg--Genoa, MI","Model7",22592.0784346147,0.48444170930564,0.379169119661917,-0.335197894951844,0.0891699296481862,0.000173269887262104,-0.033042924877576,0.0224594144400099,0.141317825640718,0.603585182842597
"Spokane, WA","Model7",21744.9560943583,0.338029489960168,0.313596938289864,-0.771277781336818,0.101710604696368,4.17262126485674e-14,-0.0437234999702926,0.0150912786704571,0.00378474130141994,0.942733433496819
"Springfield, IL","Model7",13879.5378952889,0.464893174964713,0.395963931859834,-0.650191656708886,0.163313968181109,7.07105044160365e-05,0.206949984778483,0.0335034176657369,7.71885023352453e-10,0.998835779065538
"Springfield, MA--CT","Model6",40250.4476116733,0.477500466810198,0.368671184094246,-0.466977589048518,0.0740381584914846,3.0103980670174e-10,NA,NA,NA,0.458564996563765
"Springfield, MO","Model4",10322.6706952108,0.248110934722934,0.221702890381983,NA,NA,NA,NA,NA,NA,0.384422625845995
"St. Cloud, MN","Model7",12423.6027878779,0.330413922469867,0.316377848159811,-0.774327819707488,0.324479814992085,0.0171016237980203,-0.13770740905407,0.0341644110501315,5.75364030783151e-05,0.853049156447592
"St. George, UT","Model4",5331.07920961908,0.20942164056433,0.296732769821852,NA,NA,NA,NA,NA,NA,0.435023874706783
"St. Joseph, MO--KS","Model2",1352.04990522638,0.417488471701717,0.418537341174335,-0.500749576103809,0.28147808197284,0.0766526620816435,0.124960752969447,0.0634492259589943,0.050184508320419,0.245732813027107
"Staunton--Waynesboro, VA","Model6",7706.43774087874,0.483667748389624,0.383554299251038,0.54265493533765,0.207673275829986,0.00908221266882116,NA,NA,NA,0.7083518280944
"Steamboat Springs, CO","Model7",1448.00231206164,0.182628801898136,0.202876168872523,-36.1939753522644,14.5812502949432,0.0136299070546451,-0.120818734674424,0.0537908059931231,0.025461165615845,0.419282464352227
"Stillwater, MN--WI","Model5",7601.38575436717,0.115755521014067,0.0969973392791047,NA,NA,NA,-0.15844959014804,0.0655584288727563,0.0157799645073914,0.400537699447714
"Stillwater, OK","Model2",12891.0753522415,0.32705096285661,0.295364621791093,-0.959016769241039,0.163749933606435,5.42262729645273e-09,0.0788344317243861,0.0212891662362294,0.000218200490945036,0.866594722465122
"Storrs, CT","Model1",2448.95295940606,0.339184363101089,0.281914754695868,-1.35214362853058,0.404739497081909,0.000896313505266856,NA,NA,NA,0.384724685946638
"Stoughton, WI","Model4",3530.24421726057,0.285376035629909,0.215470853179104,NA,NA,NA,NA,NA,NA,0.346484963306436
"Syracuse, NY","Model5",33206.9645883497,0.246972016182744,0.205626330926088,NA,NA,NA,-0.0756518985296281,0.00890409317492221,2.45383281175776e-17,0.598351677983925
"Terre Haute, IN","Model6",14338.8420410562,0.238875482778098,0.216628519520485,-1.16716707152739,0.301338896509231,0.000110202781130689,NA,NA,NA,0.460236643041732
"Texarkana, TX--AR","Model4",2430.44177040875,0.43249002469583,0.445750505995867,NA,NA,NA,NA,NA,NA,0.369249952740836
"The Woodlands--Conroe, TX","Model5",39156.8592372843,0.336581230948097,0.246588985066139,NA,NA,NA,-0.0466274395303619,0.00764681147743878,1.13144117423798e-09,0.376550194031349
"Thousand Oaks, CA","Model7",18798.2327429879,0.343351492133361,0.301671636394548,-0.938565876015862,0.134876423912061,4.12515985543269e-12,-0.0786192919302572,0.0259834521024594,0.00249937314129592,0.632834719361159
"Toledo, OH--MI","Model1",51991.9150041011,0.259978720724843,0.198348689857949,-0.517370968741787,0.049817404990495,4.03669721515042e-25,NA,NA,NA,0.418913455146363
"Topeka, KS","Model5",14644.1419989633,0.442213354159489,0.345429652404564,NA,NA,NA,-0.0244656245197463,0.0133355151788995,0.0666862464090097,0.381069970367919
"Traverse City--Garfield, MI","Model4",17609.3199150082,0.354167477470963,0.332088567947272,NA,NA,NA,NA,NA,NA,0.204249950157868
"Truckee, CA","Model1",1487.39722643747,0.178357286649989,0.168872190909259,-17.6941022349803,7.48842228039159,0.018791262181433,NA,NA,NA,0.370166663498822
"Tyler, TX","Model7",5498.16992862386,0.277437701915417,0.321337171877625,-2.34309170323086,0.342439915016704,1.40032982876096e-11,-0.12881900674259,0.0608633307712218,0.0345611779987572,0.807160898624032
"Utica, NY","Model3",11028.2135618924,0.465341386311495,0.378443888457493,NA,NA,NA,-0.0916084420621334,0.0351582931847197,0.00923932434188118,0.402708002469913
"Valparaiso--Shorewood Forest, IN","Model3",2156.90239406808,0.261731469581608,0.288254623590449,NA,NA,NA,0.0272345223014124,0.0511192737357354,0.594494572991518,0.34760667923958
"Vineyard Haven--Edgartown--Oak Bluffs, MA","Model7",6902.88500914263,0.215428513013008,0.176910613366756,-0.505164919595174,0.191753566389403,0.00853554486427835,-0.0340939028643818,0.0391243128380338,0.383695921667765,0.243084591063253
"Waco, TX","Model6",11095.2621708858,0.442468443507995,0.347902393619675,0.864191482494413,0.165610913121228,2.00395914826293e-07,NA,NA,NA,0.41266777037759
"Waldport, OR","Model5",3152.82823890257,0.260699043682136,0.250406655718335,NA,NA,NA,-0.214920988949186,0.0817480653943534,0.00880754479925629,0.437222763381932
"Walla Walla, WA--OR","Model4",12922.9218892264,0.338543484024877,0.319077861678948,NA,NA,NA,NA,NA,NA,0.346266925041715
"Waterbury, CT","Model6",12242.5063795011,0.254879632434647,0.215689011425394,-0.65050132393012,0.130885007549298,7.23950272468814e-07,NA,NA,NA,0.477502935207895
"Waterloo, IA","Model6",4095.6434682337,0.422008801421323,0.413634243511997,-0.492411130797203,0.165503965001085,0.00301882151911769,NA,NA,NA,0.401191854605047
"Watertown, WI","Model3",8337.31352315927,0.235918306154232,0.212539321435331,NA,NA,NA,0.0371153406635965,0.0949860717880935,0.696033641684009,0.235219922063261
"Waterville, ME","Model4",2795.73258349812,0.404113632873448,0.389794624917547,NA,NA,NA,NA,NA,NA,0.198051073969807
"Watsonville, CA","Model4",3305.65571554864,0.44159917083898,0.348742715436569,NA,NA,NA,NA,NA,NA,0.323419635281944
"Wausau, WI","Model2",15604.079132999,0.276005000026494,0.267953220858742,26.3919226757983,11.3959380621644,0.0206303297910116,-0.0536979613011911,0.023780144244852,0.024010767034729,0.35443407560552
"Wenatchee, WA","Model5",23201.4823635617,-1.98674608231101,0.413291467820234,NA,NA,NA,-0.102329062479549,0.0361777825880477,0.00469746509569513,0.584792344734066
"Westerly, RI--CT","Model4",4453.37044158906,0.341374898636498,0.269229186701488,NA,NA,NA,NA,NA,NA,0.377149953815792
"Wichita, KS","Model6",17791.6406579615,0.303120608355492,0.248376561196684,-0.477822046888237,0.0822301476562673,6.82706873990335e-09,NA,NA,NA,0.724622518190644
"Williamsport, PA","Model6",10157.1014390284,0.522421140601881,0.471694745384925,-0.547135793400541,0.196558257263317,0.00543493148667398,NA,NA,NA,0.423649473900877
"Woodland, CA","Model6",4114.24780543099,0.420086469813341,0.332978070958994,0.79822753951443,0.503041306838375,0.112938583383507,NA,NA,NA,0.268450812907689
"Worcester, MA--CT","Model2",50077.5167398499,0.275760034452009,0.21900451970897,-0.0942841066675618,0.0412876192384641,0.0224201621660295,-0.0406010847580046,0.00822139555310713,8.02471352998555e-07,0.39413531982255
"Yakima, WA","Model7",7496.89183623697,0.443931727348636,0.400305475060753,1.40595908539931,0.412012603766899,0.000661573981390207,0.0675653343527574,0.0373521333076214,0.0706769942547542,0.446935633565372
"Youngstown, OH","Model6",20774.6999371678,0.353669430527772,0.312121858034688,-0.151837419572984,0.0738693128426302,0.03990232912565,NA,NA,NA,0.423376948543583
